formula,gfa
Ag20Al25La55,1
Ag15Al10Mg75,1
Ag25Al10Mg65,1
Ag25Al20Mg55,1
Ag35Al10Mg55,1
Ag35Al20Mg45,1
Ag45Al20Mg35,1
Ag10Ce6Cu84,1
Ag10Ce10Cu80,1
Ag15Ce6Cu79,1
Ag20Ce6Cu74,1
Ag20Ce10Cu70,1
Ag25Ce6Cu69,1
Ag30Ce6Cu64,1
Ag30Ce10Cu60,1
Ag35Ce4Cu61,1
Ag35Ce5Cu60,1
Ag35Ce6Cu59,1
Ag40Ce3Cu57,1
Ag40Ce4Cu56,1
Ag40Ce5Cu55,1
Ag40Ce8Cu52,1
Ag40Ce10Cu50,1
Ag45Ce3Cu52,1
Ag45Ce4Cu51,1
Ag45Ce5Cu50,1
Ag50Ce3Cu47,1
Ag50Ce4Cu46,1
Ag50Ce5Cu45,1
Ag50Ce10Cu40,1
Ag55Ce5Cu40,1
Ag55Ce6Cu39,1
Ag55Ce8Cu37,1
Ag6Ce8Cu86,0
Ag20Ce5Cu75,0
Ag30Ce5Cu65,0
Ag35Ce3Cu62,0
Ag45Ce2Cu53,0
Ag50Ce2Cu48,0
Ag60Ce5Cu35,0
Ag60Ce10Cu30,0
Ag5Ce5Cu90,0
Ag5Ce6Cu89,0
Ag5Ce8Cu87,0
Ag10Ce3Cu87,0
Ag10Ce5Cu85,0
Ag10Ce6Cu84,0
Ag15Ce4Cu81,0
Ag20Ce3Cu77,0
Ag20Ce4Cu76,0
Ag30Ce3Cu67,0
Ag40Ce1Cu59,0
Ag40Ce2Cu58,0
Ag60Ce3Cu37,0
Ag70Ce5Cu25,0
Ag70Ce10Cu20,0
Ag37.5Cu37.5Ge25,1
Ag38.75Cu38.75Ge22.5,1
Ag40Cu40Ge20,1
Ag35Cu35Mg30,1
Ag7.1Cu85.2P7.7,1
Ag7.5Cu85.5P7,1
Ag8.9Cu83.5P7.6,1
Ag9Cu82.8P8.2,1
Ag9Cu84P7,1
Ag10.5Cu81.5P8,1
Ag10.5Cu81.9P7.6,1
Ag10.5Cu82.5P7,1
Ag12.2Cu80.3P7.5,1
Ag12.2Cu80.8P7,1
Ag7Cu84.5P8.5,0
Ag7.5Cu86P6.5,0
Ag9Cu84.5P6.5,0
Ag10.5Cu80.5P9,0
Ag12.2Cu81.5P6.3,0
Ag14Cu78.5P7.5,0
Ag5.5Cu87P7.5,0
Ag9Cu82.5P8.5,0
Ag9Cu85P6,0
Ag0Mg84Y16,1
Ag5Mg80Y15,1
Ag10Mg60Y30,1
Ag10Mg70Y20,1
Ag10Mg80Y10,1
Ag15Mg80Y5,1
Ag20Mg30Y50,1
Ag20Mg40Y40,1
Ag20Mg50Y30,1
Ag20Mg60Y20,1
Ag20Mg70Y10,1
Ag25Mg60Y15,1
Ag25Mg65Y10,1
Ag25Mg70Y5,1
Ag30Mg30Y40,1
Ag30Mg40Y30,1
Ag30Mg50Y20,1
Ag30Mg55Y15,1
Ag30Mg60Y10,1
Ag40Mg30Y30,1
Ag40Mg40Y20,1
Ag40Mg50Y10,1
Ag50Mg30Y20,1
Ag0Mg80Y20,0
Ag0Mg87.5Y12.5,0
Ag5Mg85Y10,0
Ag10Mg50Y40,0
Ag10Mg85Y5,0
Ag20Mg20Y60,0
Ag50Mg20Y30,0
Ag60Mg20Y20,0
Ag0Mg75Y25,0
Ag0Mg90Y10,0
Ag0Mg95Y5,0
Ag5Mg90Y5,0
Ag30Mg20Y50,0
Ag40Mg20Y40,0
Ag50Mg40Y10,0
Ag0Pd79Si21,1
Ag0Pd80Si20,1
Ag0Pd82Si18,1
Ag0Pd84Si16,1
Ag0Pd85Si15,1
Ag4.5Pd75.5Si20,1
Ag4.5Pd79Si16.5,1
Ag5Pd77Si18,1
Ag5Pd79Si16,1
Ag5.5Pd78Si16.5,1
Ag8.5Pd75Si16.5,1
Ag4Pd79.5Si16.5,1
Ag1.7Pd81.8Si16.5,1
Ag4.2Pd79.3Si16.5,1
Ag6.7Pd76.8Si16.5,1
Ag10Pd73.5Si16.5,1
Ag12.5Pd71Si16.5,1
Ag15Pd68.5Si16.5,1
Ag6Pd77.5Si16.5,1
Ag20.9Pd62.6Si16.5,0
Al25Au20La55,1
Al0B18Co82,1
Al0B22Co78,1
Al0B26Co74,1
Al0B30Co70,1
Al0B36Co64,1
Al0B38Co62,1
Al0B40Co60,1
Al4B18Co78,1
Al4B22Co74,1
Al4B26Co70,1
Al4B30Co66,1
Al4B34Co62,1
Al8B18Co74,1
Al8B22Co70,1
Al8B26Co66,1
Al8B30Co62,1
Al8B34Co58,1
Al12B18Co70,1
Al12B22Co66,1
Al12B26Co62,1
Al12B30Co58,1
Al12B34Co54,1
Al12B38Co50,1
Al16B14Co70,1
Al16B18Co66,1
Al16B22Co62,1
Al16B26Co58,1
Al16B30Co54,1
Al16B34Co50,1
Al20B26Co54,1
Al20B30Co50,1
Al20B34Co46,1
Al20B38Co42,1
Al24B26Co50,1
Al24B34Co42,1
Al24B40Co36,1
Al8B14Co78,0
Al12B14Co74,0
Al20B18Co62,0
Al20B22Co58,0
Al4B10Co86,0
Al4B14Co82,0
Al8B10Co82,0
Al12B6Co82,0
Al12B10Co78,0
Al16B10Co74,0
Al20B10Co70,0
Al20B14Co66,0
Al24B22Co54,0
Al0B13Fe87,1
Al0B18Fe82,1
Al0B22Fe78,1
Al4B14Fe82,1
Al4B18Fe78,1
Al4B22Fe74,1
Al8B14Fe78,1
Al8B18Fe74,1
Al8B22Fe70,1
Al12B14Fe74,1
Al12B22Fe66,1
Al16B14Fe70,1
Al16B18Fe66,1
Al16B22Fe62,1
Al16B26Fe58,1
Al20B14Fe66,1
Al20B18Fe62,1
Al20B26Fe54,1
Al20B30Fe50,1
Al20B34Fe46,1
Al4B10Fe86,0
Al8B10Fe82,0
Al12B6Fe82,0
Al12B10Fe78,0
Al16B10Fe74,0
Al0B18Ni82,1
Al0B30Ni70,1
Al0B34Ni66,1
Al0B38Ni62,1
Al0B40Ni60,1
Al0B42Ni58,1
Al4B18Ni78,1
Al4B22Ni74,1
Al4B26Ni70,1
Al4B30Ni66,1
Al4B34Ni62,1
Al4B38Ni58,1
Al4B42Ni54,1
Al8B18Ni74,1
Al8B22Ni70,1
Al8B26Ni66,1
Al8B30Ni62,1
Al8B34Ni58,1
Al8B38Ni54,1
Al8B42Ni50,1
Al12B18Ni70,1
Al12B22Ni66,1
Al12B26Ni62,1
Al12B30Ni58,1
Al12B34Ni54,1
Al16B18Ni66,1
Al16B22Ni62,1
Al16B26Ni58,1
Al16B30Ni54,1
Al16B34Ni50,1
Al16B38Ni46,1
Al20B18Ni62,1
Al20B22Ni58,1
Al20B26Ni54,1
Al20B30Ni50,1
Al20B34Ni46,1
Al20B40Ni40,1
Al24B26Ni50,1
Al12B14Ni74,0
Al24B14Ni62,0
Al24B18Ni58,0
Al24B22Ni54,0
Al28B22Ni50,0
Al0B22Ni78,0
Al0B26Ni74,0
Al16B14Ni70,0
Al20B14Ni66,0
Al28B30Ni42,0
Al85Ca10Co5,1
Al89Ca11Co0,1
Al90Ca10Co0,1
Al91Ca9Co0,1
Al85Ca10Cu5,1
Al89Ca11Cu0,1
Al90Ca10Cu0,1
Al91Ca9Cu0,1
Al87.5Ca7.5Fe5,1
Al90Ca7.5Fe2.5,1
Al85Ca10Fe5,1
Al89Ca11Fe0,1
Al90Ca10Fe0,1
Al91Ca9Fe0,1
Al85Ca10Fe5,0
Al87.5Ca10Fe2.5,0
Al90Ca10Fe0,0
Al92.5Ca2.5Fe5,0
Al92.5Ca7.5Fe0,0
Al90Ca5Fe5,0
Al10Ca60Ga30,1
Al20Ca60Ga20,1
Al30Ca60Ga10,1
Al40Ca60Ga0,1
Al15Ca70Mg15,1
Al22.5Ca70Mg7.5,1
Al30Ca70Mg0,1
Al85Ca10Mg5,1
Al89Ca11Mg0,1
Al90Ca10Mg0,1
Al91Ca9Mg0,1
Al20Ca10Mg70,1
Al85Ca10Ni5,1
Al87.5Ca7.5Ni5,1
Al90Ca7.5Ni2.5,1
Al89Ca11Ni0,1
Al90Ca10Ni0,1
Al91Ca9Ni0,1
Al87.5Ca10Ni2.5,0
Al90Ca10Ni0,0
Al90Ca0Ni10,0
Al92.5Ca2.5Ni5,0
Al92.5Ca7.5Ni0,0
Al80Ca10Ni10,0
Al85Ca5Ni10,0
Al87.5Ca2.5Ni10,0
Al88.75Ca1.25Ni10,0
Al90Ca5Ni5,0
Al85Ca10Zn5,1
Al89Ca11Zn0,1
Al90Ca10Zn0,1
Al91Ca9Zn0,1
Al80Ce5Co15,1
Al80Ce10Co10,1
Al83Ce5Co12,1
Al85Ce5Co10,1
Al85Ce10Co5,1
Al87Ce8Co5,1
Al88Ce2Co10,1
Al88Ce10Co2,1
Al90Ce3Co7,1
Al90Ce5Co5,1
Al90Ce10Co0,1
Al91Ce9Co0,1
Al92Ce8Co0,1
Al93Ce7Co0,1
Al88Ce12Co0,0
Al89Ce11Co0,0
Al75Ce5Co20,0
Al75Ce10Co15,0
Al75Ce15Co10,0
Al77Ce10Co13,0
Al80Ce15Co5,0
Al87Ce13Co0,0
Al90Ce0Co10,0
Al94Ce4Co2,0
Al94Ce6Co0,0
Al95Ce2Co3,0
Al85Ce10Cr5,1
Al87Ce10Cr3,1
Al90Ce10Cr0,1
Al91Ce9Cr0,1
Al92Ce8Cr0,1
Al93Ce7Cr0,1
Al88Ce12Cr0,1
Al89Ce8Cr3,0
Al89Ce11Cr0,0
Al80Ce10Cr10,0
Al80Ce15Cr5,0
Al83Ce10Cr7,0
Al87Ce8Cr5,0
Al87Ce13Cr0,0
Al94Ce6Cr0,0
Al93Ce2Cr5,0
Al94Ce2Cr4,0
Al75Ce10Cu15,1
Al80Ce5Cu15,1
Al80Ce10Cu10,1
Al83Ce7Cu10,1
Al85Ce5Cu10,1
Al85Ce10Cu5,1
Al87Ce8Cu5,1
Al88Ce10Cu2,1
Al90Ce10Cu0,1
Al91Ce9Cu0,1
Al92Ce8Cu0,1
Al93Ce7Cu0,1
Al6Ce10Cu84,1
Al8Ce8Cu84,1
Al8Ce10Cu82,1
Al10Ce8Cu82,1
Al12Ce8Cu80,1
Al88Ce5Cu7,0
Al88Ce12Cu0,0
Al89Ce11Cu0,0
Al90Ce5Cu5,0
Al2Ce8Cu90,0
Al2Ce10Cu88,0
Al4Ce8Cu88,0
Al4Ce10Cu86,0
Al6Ce6Cu88,0
Al6Ce8Cu86,0
Al8Ce6Cu86,0
Al10Ce4Cu86,0
Al10Ce6Cu84,0
Al70Ce10Cu20,0
Al70Ce15Cu15,0
Al75Ce5Cu20,0
Al75Ce15Cu10,0
Al80Ce15Cu5,0
Al83Ce2Cu15,0
Al87Ce13Cu0,0
Al88Ce2Cu10,0
Al94Ce6Cu0,0
Al2Ce6Cu92,0
Al4Ce4Cu92,0
Al6Ce4Cu90,0
Al10Ce2Cu88,0
Al10Ce10Cu80,0
Al12Ce6Cu82,0
Al12Ce10Cu78,0
Al14Ce6Cu80,0
Al14Ce8Cu78,0
Al14Ce10Cu76,0
Al80Ce10Fe10,1
Al83Ce7Fe10,1
Al85Ce5Fe10,1
Al85Ce10Fe5,1
Al87Ce8Fe5,1
Al88Ce2Fe10,1
Al88Ce10Fe2,1
Al90Ce3Fe7,1
Al90Ce10Fe0,1
Al91Ce9Fe0,1
Al92Ce8Fe0,1
Al93Ce7Fe0,1
Al90Ce5Fe5,1
Al75Ce15Fe10,0
Al88Ce12Fe0,0
Al89Ce11Fe0,0
Al75Ce10Fe15,0
Al80Ce15Fe5,0
Al84Ce2Fe14,0
Al87Ce13Fe0,0
Al89Ce1Fe10,0
Al94Ce2Fe4,0
Al94Ce4Fe2,0
Al94Ce6Fe0,0
Al85Ce10Mn5,1
Al86Ce10Mn4,1
Al88Ce10Mn2,1
Al90Ce10Mn0,1
Al91Ce9Mn0,1
Al92Ce8Mn0,1
Al93Ce7Mn0,1
Al83Ce10Mn7,0
Al87Ce8Mn5,0
Al88Ce12Mn0,0
Al89Ce6Mn5,0
Al89Ce11Mn0,0
Al80Ce10Mn10,0
Al85Ce5Mn10,0
Al87Ce13Mn0,0
Al88Ce2Mn10,0
Al94Ce6Mn0,0
Al93Ce2Mn5,0
Al94Ce2Mn4,0
Al80Ce10Nb10,1
Al83Ce7Nb10,1
Al85Ce10Nb5,1
Al87Ce8Nb5,1
Al88Ce10Nb2,1
Al90Ce8Nb2,1
Al90Ce10Nb0,1
Al91Ce9Nb0,1
Al92Ce6Nb2,1
Al92Ce8Nb0,1
Al93Ce7Nb0,1
Al77Ce10Nb13,0
Al88Ce12Nb0,0
Al89Ce11Nb0,0
Al75Ce15Nb10,0
Al80Ce15Nb5,0
Al85Ce5Nb10,0
Al87Ce13Nb0,0
Al90Ce5Nb5,0
Al94Ce6Nb0,0
Al60Ce10Ni30,1
Al65Ce5Ni30,1
Al70Ce10Ni20,1
Al75Ce5Ni20,1
Al80Ce10Ni10,1
Al84Ce6Ni10,1
Al85Ce5Ni10,1
Al85Ce6Ni9,1
Al85Ce10Ni5,1
Al86Ce6Ni8,1
Al87Ce6Ni7,1
Al87Ce13Ni0,1
Al88Ce2Ni10,1
Al88Ce12Ni0,1
Al89Ce11Ni0,1
Al90Ce10Ni0,1
Al91Ce9Ni0,1
Al92Ce8Ni0,1
Al93Ce7Ni0,1
Al88Ce12Ni0,0
Al89Ce11Ni0,0
Al80Ce15Ni5,0
Al87Ce13Ni0,0
Al90Ce0Ni10,0
Al94Ce6Ni0,0
Al61Ce10Ni29,1
Al65Ce15Ni20,1
Al70Ce15Ni15,1
Al75Ce10Ni15,1
Al80Ce5Ni15,1
Al82Ce8Ni10,1
Al86Ce4Ni10,1
Al87Ce5Ni8,1
Al89Ce10Ni1,1
Al70Ce20Ni10,0
Al90Ce5Ni5,0
Al60Ce20Ni20,0
Al95Ce5Ni0,0
Al25Ce55Ni20,1
Al91Ce5Ni4,1
Al88Ce10V2,1
Al90Ce10V0,1
Al91Ce9V0,1
Al92Ce8V0,1
Al93Ce7V0,1
Al88Ce8V4,0
Al88Ce12V0,0
Al89Ce6V5,0
Al89Ce11V0,0
Al80Ce10V10,0
Al85Ce10V5,0
Al85Ce13V2,0
Al87Ce13V0,0
Al94Ce6V0,0
Al94Ce2V4,0
Al86Co12Fe2,1
Al87Co11Fe2,1
Al86Co14Fe0,0
Al87Co9Fe4,0
Al88Co2Fe10,0
Al88Co4Fe8,0
Al88Co6Fe6,0
Al88Co8Fe4,0
Al88Co10Fe2,0
Al88Co12Fe0,0
Al90Co0Fe10,0
Al90Co2Fe8,0
Al90Co4Fe6,0
Al90Co6Fe4,0
Al90Co8Fe2,0
Al90Co10Fe0,0
Al92Co0Fe8,0
Al92Co2Fe6,0
Al92Co4Fe4,0
Al92Co6Fe2,0
Al92Co8Fe0,0
Al94Co0Fe6,0
Al94Co2Fe4,0
Al94Co4Fe2,0
Al94Co6Fe0,0
Al96Co0Fe4,0
Al96Co2Fe2,0
Al96Co4Fe0,0
Al98Co0Fe2,0
Al98Co2Fe0,0
Al100Co0Fe0,0
Al84Co12Fe4,0
Al84Co14Fe2,0
Al86Co4Fe10,0
Al86Co6Fe8,0
Al86Co8Fe6,0
Al86Co10Fe4,0
Al86Co12Fe2,0
Al88Co0Fe12,0
Al42Co10Ge48,1
Al57Co18Ge25,1
Al69Co6Ge25,1
Al78Co10Ge12,1
Al25Co20La55,1
Al88Co8Mn4,0
Al88Co10Mn2,0
Al88Co12Mn0,0
Al90Co6Mn4,0
Al90Co8Mn2,0
Al90Co10Mn0,0
Al92Co4Mn4,0
Al92Co6Mn2,0
Al92Co8Mn0,0
Al94Co4Mn2,0
Al94Co6Mn0,0
Al94Co0Mn6,0
Al94Co2Mn4,0
Al96Co0Mn4,0
Al96Co2Mn2,0
Al96Co4Mn0,0
Al98Co0Mn2,0
Al98Co2Mn0,0
Al100Co0Mn0,0
Al84Co12Mn4,0
Al84Co14Mn2,0
Al86Co8Mn6,0
Al86Co10Mn4,0
Al86Co12Mn2,0
Al86Co14Mn0,0
Al88Co6Mn6,0
Al90Co2Mn8,0
Al90Co4Mn6,0
Al92Co0Mn8,0
Al92Co2Mn6,0
Al87Co1Ni12,1
Al88Co4Ni8,1
Al88Co5Ni7,1
Al87Co2Ni11,1
Al84Co8Ni8,0
Al85Co1Ni14,0
Al85Co5Ni10,0
Al85Co10Ni5,0
Al86Co0Ni14,0
Al86Co1Ni13,0
Al86Co2Ni12,0
Al86Co3Ni11,0
Al86Co5Ni9,0
Al86Co14Ni0,0
Al87Co3Ni10,0
Al87Co4Ni9,0
Al87Co5Ni8,0
Al88Co0Ni12,0
Al88Co1Ni11,0
Al88Co2Ni10,0
Al88Co3Ni9,0
Al88Co6Ni6,0
Al88Co7Ni5,0
Al88Co8Ni4,0
Al88Co9Ni3,0
Al88Co10Ni2,0
Al88Co11Ni1,0
Al88Co12Ni0,0
Al89Co1Ni10,0
Al89Co2Ni9,0
Al89Co3Ni8,0
Al89Co4Ni7,0
Al89Co5Ni6,0
Al89Co6Ni5,0
Al90Co0Ni10,0
Al90Co2Ni8,0
Al90Co4Ni6,0
Al90Co5Ni5,0
Al90Co6Ni4,0
Al90Co8Ni2,0
Al90Co10Ni0,0
Al91Co1Ni8,0
Al91Co2Ni7,0
Al92Co0Ni8,0
Al92Co2Ni6,0
Al92Co4Ni4,0
Al92Co6Ni2,0
Al92Co8Ni0,0
Al94Co6Ni0,0
Al94Co0Ni6,0
Al94Co2Ni4,0
Al94Co4Ni2,0
Al96Co0Ni4,0
Al96Co2Ni2,0
Al96Co4Ni0,0
Al98Co0Ni2,0
Al98Co2Ni0,0
Al49Co10Si41,1
Al52Co23Si25,1
Al71Co4Si25,1
Al75Co10Si15,1
Al0Co90Zr10,1
Al2Co88Zr10,1
Al5Co85Zr10,1
Al25Co20Zr55,1
Al38Cr10Ge52,1
Al61Cr10Ge29,1
Al60Cr10Ge30,1
Al65Cr20Ge15,0
Al25Cr20La55,1
Al52Cr10Si38,1
Al58Cr17Si25,1
Al68Cr10Si22,1
Al71Cr4Si25,1
Al50Cr15Si35,1
Al55Cr10Si35,1
Al55Cr15Si30,1
Al60Cr10Si30,1
Al60Cr15Si25,1
Al65Cr10Si25,1
Al59Cr19Si22,0
Al60Cr18Si22,0
Al60Cr20Si20,0
Al61Cr21Si18,0
Al62Cr19Si19,0
Al63Cr19Si18,0
Al84Cr16Si0,0
Al85Cr15Si0,0
Al86Cr14Si0,0
Al45Cr20Si35,0
Al55Cr20Si25,0
Al55Cr25Si20,0
Al57Cr23Si20,0
Al57Cr28Si15,0
Al60Cr5Si35,0
Al60Cr30Si10,0
Al65Cr25Si10,0
Al70Cr5Si25,0
Al70Cr25Si5,0
Al75Cr5Si20,0
Al80Cr5Si15,0
Al80Cr20Si0,0
Al81Cr19Si0,0
Al83Cr17Si0,0
Al96Cr4Si0,0
Al45Cr15Si40,0
Al58Cr20Si22,0
Al60Cr25Si15,0
Al63Cr15Si22,0
Al65Cr15Si20,0
Al65Cr20Si15,0
Al68Cr15Si17,0
Al70Cr10Si20,0
Al70Cr15Si15,0
Al70Cr20Si10,0
Al75Cr10Si15,0
Al75Cr15Si10,0
Al75Cr20Si5,0
Al80Cr10Si10,0
Al85Cr5Si10,0
Al85Cr10Si5,0
Al88Cr10Si2,0
Al88Cr12Si0,0
Al90Cr5Si5,0
Al90Cr10Si0,0
Al92Cr8Si0,0
Al94Cr6Si0,0
Al20Cr10Zr70,1
Al75Ce20Fe5,0
Al77Ce18Fe5,0
Al64Ce23Fe13,0
Al65Ce20Fe15,0
Al67Ce18Fe15,0
Al71Ce17Fe12,0
Al60Ce20Fe20,0
Al65Ce15Fe20,0
Al60Ce23Fe17,0
Al60Ce25Fe15,0
Al65Ce25Fe10,0
Al70Ce10Fe20,0
Al70Ce15Fe15,0
Al70Ce20Fe10,0
Al62.5Ce25Fe12.5,0
Al62.5Ce25.5Fe12,0
Al65Cu20Gd15,1
Al10Cu25Hf65,1
Al10Cu30La60,1
Al15Cu25La60,1
Al20Cu0La80,1
Al20Cu20La60,1
Al20Cu25La55,1
Al20Cu40La40,1
Al20Cu50La30,1
Al25Cu10La65,1
Al25Cu15La60,1
Al25Cu20La55,1
Al25Cu25La50,1
Al25Cu35La40,1
Al30Cu0La70,1
Al30Cu10La60,1
Al30Cu15La55,1
Al30Cu20La50,1
Al30Cu35La35,1
Al30Cu40La30,1
Al35Cu10La55,1
Al35Cu15La50,1
Al40Cu0La60,1
Al50Cu0La50,1
Al85Cu5La10,1
Al90Cu0La10,1
Al90Cu5La5,1
Al10Cu20La70,0
Al20Cu10La70,0
Al20Cu60La20,0
Al40Cu10La50,0
Al40Cu20La40,0
Al85Cu10La5,0
Al0Cu20La80,0
Al0Cu40La60,0
Al0Cu50La50,0
Al10Cu0La90,0
Al10Cu10La80,0
Al10Cu50La40,0
Al10Cu60La30,0
Al10Cu70La20,0
Al10Cu80La10,0
Al30Cu50La20,0
Al30Cu60La10,0
Al40Cu30La30,0
Al40Cu40La20,0
Al50Cu10La40,0
Al50Cu20La30,0
Al50Cu30La20,0
Al50Cu40La10,0
Al60Cu0La40,0
Al70Cu0La30,0
Al70Cu20La10,0
Al80Cu0La20,0
Al80Cu10La10,0
Al25Cu50Mn25,0
Al65Cu20Mn15,0
Al76Cu8.5Mn15.5,0
Al6Cu84Nd10,1
Al6Cu86Nd8,1
Al8Cu84Nd8,1
Al10Cu82Nd8,1
Al12Cu80Nd8,1
Al2Cu88Nd10,0
Al2Cu90Nd8,0
Al2Cu92Nd6,0
Al4Cu86Nd10,0
Al4Cu88Nd8,0
Al4Cu90Nd6,0
Al6Cu88Nd6,0
Al8Cu86Nd6,0
Al10Cu84Nd6,0
Al10Cu86Nd4,0
Al12Cu82Nd6,0
Al12Cu84Nd4,0
Al4Cu92Nd4,0
Al8Cu82Nd10,0
Al8Cu88Nd4,0
Al10Cu80Nd10,0
Al10Cu88Nd2,0
Al12Cu78Nd10,0
Al14Cu76Nd10,0
Al14Cu78Nd8,0
Al14Cu80Nd6,0
Al14Cu82Nd4,0
Al0Cu35Ti65,1
Al0Cu40Ti60,1
Al0Cu45Ti55,1
Al0Cu50Ti50,1
Al0Cu55Ti45,1
Al0Cu60Ti40,1
Al0Cu73Ti27,1
Al0Cu75Ti25,1
Al5Cu50Ti45,1
Al5Cu55Ti40,1
Al5Cu60Ti35,1
Al10Cu30Ti60,1
Al10Cu35Ti55,1
Al10Cu50Ti40,1
Al10Cu60Ti30,1
Al15Cu25Ti60,1
Al15Cu30Ti55,1
Al15Cu35Ti50,1
Al15Cu40Ti45,1
Al15Cu50Ti35,1
Al15Cu60Ti25,1
Al20Cu30Ti50,1
Al20Cu35Ti45,1
Al20Cu50Ti30,1
Al20Cu60Ti20,1
Al25Cu35Ti40,1
Al25Cu50Ti25,1
Al25Cu55Ti20,1
Al30Cu50Ti20,1
Al35Cu50Ti15,1
Al40Cu50Ti10,1
Al50Cu40Ti10,1
Al50Cu45Ti5,1
Al55Cu40Ti5,1
Al0Cu30Ti70,0
Al0Cu80Ti20,0
Al10Cu70Ti20,0
Al20Cu20Ti60,0
Al25Cu25Ti50,0
Al25Cu30Ti45,0
Al30Cu20Ti50,0
Al30Cu30Ti40,0
Al30Cu40Ti30,0
Al35Cu40Ti25,0
Al35Cu45Ti20,0
Al40Cu30Ti30,0
Al40Cu40Ti20,0
Al45Cu35Ti20,0
Al45Cu40Ti15,0
Al55Cu35Ti10,0
Al60Cu35Ti5,0
Al0Cu10Ti90,0
Al0Cu20Ti80,0
Al10Cu0Ti90,0
Al10Cu10Ti80,0
Al10Cu20Ti70,0
Al20Cu0Ti80,0
Al20Cu10Ti70,0
Al20Cu70Ti10,0
Al25Cu0Ti75,0
Al25Cu5Ti70,0
Al30Cu0Ti70,0
Al30Cu10Ti60,0
Al35Cu0Ti65,0
Al35Cu5Ti60,0
Al40Cu0Ti60,0
Al40Cu10Ti50,0
Al40Cu20Ti40,0
Al40Cu60Ti0,0
Al45Cu0Ti55,0
Al45Cu5Ti50,0
Al45Cu10Ti45,0
Al45Cu20Ti35,0
Al50Cu5Ti45,0
Al50Cu10Ti40,0
Al50Cu20Ti30,0
Al50Cu30Ti20,0
Al50Cu50Ti0,0
Al55Cu0Ti45,0
Al55Cu10Ti35,0
Al60Cu0Ti40,0
Al60Cu5Ti35,0
Al60Cu10Ti30,0
Al60Cu20Ti20,0
Al60Cu40Ti0,0
Al65Cu0Ti35,0
Al70Cu0Ti30,0
Al70Cu10Ti20,0
Al70Cu30Ti0,0
Al80Cu0Ti20,0
Al5Cu38Ti57,1
Al15Cu34Ti51,1
Al20Cu32Ti48,1
Al10Cu25Ti65,1
Al55Cu35V10,1
Al60Cu30V10,1
Al65Cu20V15,1
Al65Cu25V10,1
Al65Cu30V5,1
Al67Cu20V13,1
Al70Cu20V10,1
Al75Cu15V10,1
Al75Cu20V5,1
Al80Cu10V10,1
Al80Cu15V5,1
Al85Cu5V10,1
Al60Cu35V5,0
Al65Cu20V15,0
Al70Cu25V5,0
Al75Cu10V15,0
Al80Cu5V15,0
Al87Cu5V8,0
Al50Cu40V10,0
Al60Cu25V15,0
Al65Cu15V20,0
Al75Cu25V0,0
Al77Cu20V3,0
Al80Cu20V0,0
Al87Cu8V5,0
Al0Cu40Y60,1
Al5Cu38Y57,1
Al10Cu36Y54,1
Al15Cu34Y51,1
Al20Cu32Y48,1
Al30Cu28Y42,1
Al80Cu8Y12,1
Al85Cu6Y9,1
Al0Cu40Zr60,1
Al0Cu56Zr44,1
Al0Cu60Zr40,1
Al20Cu25Zr55,1
Al15Cu25Zr60,1
Al10Cu25Zr65,1
Al7.5Cu27.5Zr65,1
Al0Cu33Zr67,1
Al5Cu30Zr65,1
Al15Cu20Zr65,1
Al20Cu15Zr65,1
Al33.4Fe33.3Gd33.3,1
Al42Fe10Ge48,1
Al52Fe23Ge25,1
Al69Fe6Ge25,1
Al78Fe10Ge12,1
Al25Fe20La55,1
Al75Fe14Ni11,1
Al87Fe1Ni12,1
Al88Fe3Ni9,1
Al82Fe4Ni14,0
Al84Fe2Ni14,0
Al86Fe0Ni14,0
Al86Fe1Ni13,0
Al86Fe2Ni12,0
Al86Fe5Ni9,0
Al86Fe8Ni6,0
Al87Fe1Ni12,0
Al87Fe4Ni9,0
Al87Fe5Ni8,0
Al88Fe0Ni12,0
Al88Fe1Ni11,0
Al88Fe2Ni10,0
Al88Fe4Ni8,0
Al88Fe5Ni7,0
Al88Fe6Ni6,0
Al88Fe8Ni4,0
Al88Fe10Ni2,0
Al88Fe12Ni0,0
Al89Fe1Ni10,0
Al89Fe2Ni9,0
Al89Fe3Ni8,0
Al89Fe5Ni6,0
Al90Fe0Ni10,0
Al90Fe2Ni8,0
Al90Fe4Ni6,0
Al90Fe5Ni5,0
Al90Fe6Ni4,0
Al90Fe8Ni2,0
Al90Fe10Ni0,0
Al92Fe0Ni8,0
Al92Fe2Ni6,0
Al92Fe4Ni4,0
Al92Fe6Ni2,0
Al92Fe8Ni0,0
Al94Fe6Ni0,0
Al94Fe0Ni6,0
Al94Fe2Ni4,0
Al94Fe4Ni2,0
Al96Fe0Ni4,0
Al96Fe2Ni2,0
Al96Fe4Ni0,0
Al98Fe0Ni2,0
Al98Fe2Ni0,0
Al86Fe2Ni12,1
Al86Fe3Ni11,1
Al86.7Fe1Ni12.3,1
Al87Fe2Ni11,1
Al87Fe3Ni10,1
Al87.5Fe0.5Ni12,1
Al87.5Fe2Ni10.5,1
Al87.5Fe3.5Ni9,1
Al88Fe1Ni11,1
Al88.5Fe3Ni8.5,1
Al83Fe3Ni14,0
Al84Fe3Ni13,0
Al84Fe4Ni12,0
Al85Fe1Ni14,0
Al85Fe2Ni13,0
Al85Fe3Ni12,0
Al85Fe5Ni10,0
Al86Fe3Ni11,0
Al86Fe4Ni10,0
Al86Fe7Ni7,0
Al87Fe6Ni7,0
Al89Fe4Ni7,0
Al89Fe6Ni5,0
Al89Fe7Ni4,0
Al89Fe9Ni2,0
Al90Fe1Ni9,0
Al91Fe1Ni8,0
Al91Fe2Ni7,0
Al91Fe3Ni6,0
Al91Fe6Ni3,0
Al92Fe5Ni3,0
Al100Fe0Ni0,0
Al84Fe6Ni10,0
Al84Fe8Ni8,0
Al86Fe6Ni8,0
Al86Fe10Ni4,0
Al86Fe12Ni2,0
Al0Fe80P20,1
Al3Fe80P17,1
Al5Fe85Si10,1
Al84Fe14Si2,0
Al85Fe8Si7,0
Al86Fe12Si2,0
Al88Fe10Si2,0
Al90Fe8Si2,0
Al52Fe23Si25,1
Al63Fe12Si25,1
Al2.5Fe65Tb32.5,1
Al7.5Fe61.7Tb30.8,1
Al0Fe66.7Tb33.3,0
Al15Fe56.7Tb28.3,0
Al0Fe90Zr10,1
Al0.018Fe89.982Zr10,1
Al0.036Fe89.964Zr10,1
Al0.054Fe89.946Zr10,1
Al0.09Fe89.91Zr10,1
Al22.5Fe67.5Zr10,1
Al15Fe15Zr70,1
Al8Ga16Mg76,1
Al12Ga12Mg76,1
Al18Ga36Mg46,1
Al8Ga2Mg90,0
Al8Ga3Mg89,0
Al9Ga2Mg89,0
Al65Gd15Ni20,1
Al70Gd10Ni20,1
Al70Gd15Ni15,1
Al74Gd10Ni16,1
Al75Gd10Ni15,1
Al78Gd12Ni10,1
Al80Gd5Ni15,1
Al80Gd10Ni10,1
Al81Gd9Ni10,1
Al83Gd5Ni12,1
Al83Gd7Ni10,1
Al83Gd9Ni8,1
Al84Gd10Ni6,1
Al85Gd5Ni10,1
Al85Gd8Ni7,1
Al85Gd9Ni6,1
Al85Gd10Ni5,1
Al87Gd5Ni8,1
Al87Gd7Ni6,1
Al88Gd12Ni0,1
Al90Gd5Ni5,1
Al90Gd10Ni0,1
Al92Gd8Ni0,1
Al75Gd15Ni10,0
Al60Gd20Ni20,0
Al70Gd20Ni10,0
Al75Gd5Ni20,0
Al80Gd15Ni5,0
Al85Gd15Ni0,0
Al94Gd6Ni0,0
Al25Gd55Ni20,1
Al0Gd56Si44,1
Al40Gd60Si0,1
Al45Gd55Si0,1
Al50Gd50Si0,1
Al55Gd45Si0,1
Al50Ge40Mn10,1
Al42Ge48Mn10,1
Al57Ge25Mn18,1
Al69Ge25Mn6,1
Al73Ge17Mn10,1
Al60Ge30Mn10,1
Al65Ge15Mn20,0
Al59Ge31Ni10,1
Al62Ge25Ni13,1
Al64Ge26Ni10,1
Al69Ge25Ni6,1
Al60Ge30Ni10,1
Al55Ge30V15,1
Al55Ge35V10,1
Al60Ge25V15,1
Al60Ge30V10,1
Al65Ge25V10,1
Al45Ge40V15,0
Al50Ge25V25,0
Al50Ge30V20,0
Al50Ge35V15,0
Al50Ge40V10,0
Al55Ge25V20,0
Al60Ge20V20,0
Al60Ge35V5,0
Al65Ge20V15,0
Al65Ge30V5,0
Al70Ge20V10,0
Al70Ge25V5,0
Al75Ge15V10,0
Al52Ge38V10,1
Al57Ge25V18,1
Al68Ge22V10,1
Al69Ge25V6,1
Al10Hf65Ni25,1
Al25La55Mn20,1
Al85La7.5Mo7.5,1
Al85La7.5Nb7.5,1
Al0La60Ni40,1
Al0La70Ni30,1
Al5La40Ni55,1
Al5La55Ni40,1
Al5La65Ni30,1
Al5La75Ni20,1
Al10La30Ni60,1
Al10La35Ni55,1
Al10La40Ni50,1
Al10La45Ni45,1
Al10La50Ni40,1
Al10La55Ni35,1
Al10La60Ni30,1
Al10La65Ni25,1
Al10La70Ni20,1
Al10La75Ni15,1
Al10La80Ni10,1
Al15La30Ni55,1
Al15La40Ni45,1
Al15La50Ni35,1
Al15La55Ni30,1
Al15La60Ni25,1
Al15La65Ni20,1
Al15La70Ni15,1
Al15La75Ni10,1
Al15La80Ni5,1
Al20La30Ni50,1
Al20La35Ni45,1
Al20La40Ni40,1
Al20La45Ni35,1
Al20La50Ni30,1
Al20La55Ni25,1
Al20La60Ni20,1
Al20La65Ni15,1
Al20La70Ni10,1
Al20La75Ni5,1
Al20La80Ni0,1
Al25La30Ni45,1
Al25La40Ni35,1
Al25La45Ni30,1
Al25La50Ni25,1
Al25La55Ni20,1
Al25La60Ni15,1
Al25La65Ni10,1
Al25La70Ni5,1
Al30La20Ni50,1
Al30La25Ni45,1
Al30La30Ni40,1
Al30La35Ni35,1
Al30La40Ni30,1
Al30La45Ni25,1
Al30La50Ni20,1
Al30La55Ni15,1
Al30La60Ni10,1
Al30La65Ni5,1
Al35La25Ni40,1
Al35La30Ni35,1
Al35La35Ni30,1
Al35La40Ni25,1
Al35La45Ni20,1
Al35La50Ni15,1
Al35La55Ni10,1
Al35La60Ni5,1
Al40La20Ni40,1
Al40La25Ni35,1
Al40La30Ni30,1
Al40La35Ni25,1
Al40La40Ni20,1
Al40La45Ni15,1
Al40La50Ni10,1
Al40La55Ni5,1
Al40La60Ni0,1
Al45La25Ni30,1
Al45La30Ni25,1
Al45La35Ni20,1
Al45La40Ni15,1
Al45La45Ni10,1
Al50La25Ni25,1
Al50La30Ni20,1
Al50La35Ni15,1
Al50La40Ni10,1
Al50La45Ni5,1
Al50La50Ni0,1
Al55La20Ni25,1
Al55La40Ni5,1
Al55La45Ni0,1
Al60La20Ni20,1
Al65La15Ni20,1
Al70La5Ni25,1
Al75La5Ni20,1
Al75La10Ni15,1
Al80La10Ni10,1
Al85La5Ni10,1
Al85La10Ni5,1
Al90La10Ni0,1
Al10La25Ni65,0
Al15La25Ni60,0
Al20La20Ni60,0
Al40La15Ni45,0
Al50La15Ni35,0
Al55La30Ni15,0
Al90La5Ni5,0
Al0La30Ni70,0
Al0La40Ni60,0
Al0La50Ni50,0
Al0La80Ni20,0
Al0La90Ni10,0
Al10La10Ni80,0
Al10La20Ni70,0
Al10La90Ni0,0
Al20La10Ni70,0
Al30La10Ni60,0
Al30La15Ni55,0
Al40La10Ni50,0
Al50La10Ni40,0
Al55La35Ni10,0
Al60La10Ni30,0
Al60La30Ni10,0
Al60La40Ni0,0
Al65La25Ni10,0
Al65La30Ni5,0
Al70La15Ni15,0
Al70La20Ni10,0
Al70La25Ni5,0
Al70La30Ni0,0
Al75La15Ni10,0
Al80La15Ni5,0
Al80La20Ni0,0
Al25La20Ni55,1
Al30La70Ni0,1
Al50La20Ni30,1
Al84La10Ni6,1
Al88La10Ni2,1
Al91La7Ni2,1
Al85La6Ni9,1
Al88La7Ni5,1
Al0La48Ni52,1
Al0La80Ni20,1
Al1La49Ni50,1
Al1La81Ni18,1
Al2La39Ni59,1
Al2La40Ni58,1
Al2La42Ni56,1
Al2La44Ni54,1
Al2La82Ni16,1
Al3La83Ni14,1
Al4La36Ni60,1
Al5La83Ni12,1
Al5La85Ni10,1
Al6La30Ni64,1
Al6La32Ni62,1
Al6La86Ni8,1
Al8La86Ni6,1
Al9La27Ni64,1
Al10La86Ni4,1
Al11La27Ni62,1
Al11La87Ni2,1
Al13La87Ni0,1
Al15La26Ni59,1
Al17La24Ni59,1
Al19La22Ni59,1
Al21La20Ni59,1
Al24La18Ni58,1
Al26La18Ni56,1
Al28La18Ni54,1
Al30La18Ni52,1
Al32La18Ni50,1
Al34La18Ni48,1
Al36La18Ni46,1
Al38La18Ni44,1
Al40La18Ni42,1
Al42La18Ni40,1
Al44La18Ni38,1
Al46La18Ni36,1
Al48La18Ni34,1
Al50La18Ni32,1
Al53La30Ni17,1
Al53La32Ni15,1
Al53La34Ni13,1
Al53La36Ni11,1
Al53La37Ni10,1
Al54La16Ni30,1
Al55La28Ni17,1
Al55La37Ni8,1
Al56La16Ni28,1
Al56La40Ni4,1
Al56La42Ni2,1
Al57La26Ni17,1
Al57La37Ni6,1
Al57La43Ni0,1
Al58La14Ni28,1
Al59La24Ni17,1
Al60La12Ni28,1
Al61La22Ni17,1
Al62La10Ni28,1
Al63La20Ni17,1
Al64La8Ni28,1
Al65La18Ni17,1
Al66La6Ni28,1
Al67La16Ni17,1
Al68La4Ni28,1
Al69La14Ni17,1
Al71La13Ni16,1
Al72La2Ni26,1
Al73La13Ni14,1
Al74La2Ni24,1
Al75La13Ni12,1
Al76La2Ni22,1
Al77La13Ni10,1
Al78La2Ni20,1
Al79La13Ni8,1
Al80La2Ni18,1
Al81La13Ni6,1
Al82La2Ni16,1
Al83La13Ni4,1
Al84La2Ni14,1
Al85La13Ni2,1
Al86La2Ni12,1
Al86La14Ni0,1
Al87La5Ni8,1
Al88La2Ni10,1
Al88La6Ni6,1
Al89La7Ni4,1
Al90La8Ni2,1
Al92La8Ni0,1
Al91La5Ni4,1
Al25La55Pt20,1
Al25La55Zn20,1
Al85La7.5Zr7.5,1
Al42Mg44Pd14,0
Al46Mg40Pd14,0
Al48Mg22Pd30,0
Al50Mg36Pd14,0
Al52Mg18Pd30,0
Al54Mg32Pd14,0
Al53Mg21Pd26,1
Al71Mg17Pd12,1
Al50Mg25Pd25,0
Al43Mg44Pd13,0
Al52Mg17Pd31,0
Al55Mg15Pd30,0
Al74Mg5Pd21,0
Al0Mg60Zn40,1
Al0Mg65Zn35,1
Al0Mg70Zn30,1
Al0Mg75Zn25,1
Al5Mg50Zn45,1
Al5Mg60Zn35,1
Al5Mg65Zn30,1
Al5Mg70Zn25,1
Al5Mg75Zn20,1
Al10Mg65Zn25,1
Al10Mg70Zn20,1
Al10Mg75Zn15,1
Al0Mg55Zn45,0
Al0Mg80Zn20,0
Al0Mg85Zn15,0
Al5Mg80Zn15,0
Al10Mg80Zn10,0
Al15Mg70Zn15,0
Al15Mg75Zn10,0
Al15Mg80Zn5,0
Al20Mg70Zn10,0
Al10Mg40Zn50,0
Al10Mg50Zn40,0
Al10Mg60Zn30,0
Al20Mg40Zn40,0
Al20Mg50Zn30,0
Al20Mg60Zn20,0
Al30Mg40Zn30,0
Al30Mg50Zn20,0
Al40Mg40Zn20,0
Al50Mg40Zn10,0
Al0Mg90Zn10,0
Al0Mg95Zn5,0
Al5Mg85Zn10,0
Al5Mg90Zn5,0
Al10Mg85Zn5,0
Al30Mg60Zn10,0
Al40Mg50Zn10,0
Al86.5Mn1Ni12.5,1
Al86.5Mn2Ni11.5,1
Al87Mn1Ni12,1
Al87Mn2Ni11,1
Al87Mn2.5Ni10.5,1
Al87.5Mn0.5Ni12,1
Al88Mn1Ni11,1
Al88Mn2Ni10,1
Al82Mn6Ni12,0
Al83Mn4Ni13,0
Al84Mn4Ni12,0
Al84Mn6Ni10,0
Al85Mn2Ni13,0
Al85Mn7Ni8,0
Al86Mn0Ni14,0
Al86Mn4Ni10,0
Al86Mn6Ni8,0
Al86Mn8Ni6,0
Al88Mn0Ni12,0
Al88Mn2Ni10,0
Al88Mn4Ni8,0
Al88Mn6Ni6,0
Al89Mn2Ni9,0
Al90Mn0Ni10,0
Al90Mn2Ni8,0
Al90Mn4Ni6,0
Al90Mn6Ni4,0
Al92Mn0Ni8,0
Al92Mn2Ni6,0
Al92Mn4Ni4,0
Al92Mn6Ni2,0
Al94Mn2Ni4,0
Al94Mn4Ni2,0
Al94Mn0Ni6,0
Al94Mn6Ni0,0
Al96Mn0Ni4,0
Al96Mn2Ni2,0
Al96Mn4Ni0,0
Al98Mn0Ni2,0
Al98Mn2Ni0,0
Al100Mn0Ni0,0
Al80Mn6Ni14,0
Al80Mn8Ni12,0
Al82Mn4Ni14,0
Al82Mn8Ni10,0
Al84Mn2Ni14,0
Al84Mn8Ni8,0
Al88Mn8Ni4,0
Al90Mn8Ni2,0
Al92Mn8Ni0,0
Al80Mn15Ni5,0
Al45Mn20Si35,1
Al50Mn15Si35,1
Al50Mn20Si30,1
Al55Mn10Si35,1
Al55Mn15Si30,1
Al55Mn20Si25,1
Al60Mn10Si30,1
Al60Mn15Si25,1
Al65Mn10Si25,1
Al65Mn15Si20,1
Al40Mn25Si35,0
Al45Mn15Si40,0
Al50Mn25Si25,0
Al60Mn5Si35,0
Al70Mn5Si25,0
Al60Mn20Si20,0
Al65Mn20Si15,0
Al66Mn14Si20,1
Al76.6Mn17.4Si6,0
Al78.6Mn17.4Si4,0
Al66.6Mn17.4Si16,0
Al68.6Mn17.4Si14,0
Al70.6Mn17.4Si12,0
Al72.5Mn17.4Si10.1,0
Al74.6Mn17.4Si8,0
Al53Mn20Si27,1
Al15Mn15Zr70,1
Al65Mo5Ni30,1
Al70Mo5Ni25,1
Al70Mo10Ni20,1
Al75Mo5Ni20,1
Al75Mo10Ni15,1
Al80Mo5Ni15,1
Al85Mo3Ni12,1
Al85Mo5Ni10,1
Al65Nd15Ni20,1
Al70Nd10Ni20,1
Al70Nd15Ni15,1
Al74Nd10Ni16,1
Al75Nd10Ni15,1
Al75Nd15Ni10,1
Al79Nd10Ni11,1
Al80Nd5Ni15,1
Al80Nd10Ni10,1
Al81Nd9Ni10,1
Al83Nd7Ni10,1
Al83Nd9Ni8,1
Al84Nd10Ni6,1
Al85Nd5Ni10,1
Al85Nd7Ni8,1
Al85Nd9Ni6,1
Al85Nd10Ni5,1
Al86Nd14Ni0,1
Al87Nd5Ni8,1
Al87Nd7Ni6,1
Al88Nd10Ni2,1
Al88Nd12Ni0,1
Al90Nd5Ni5,1
Al90Nd10Ni0,1
Al92Nd8Ni0,1
Al80Nd15Ni5,0
Al65Nd20Ni15,0
Al70Nd20Ni10,0
Al75Nd5Ni20,0
Al75Nd20Ni5,0
Al94Nd6Ni0,0
Al25Nd55Ni20,1
Al80Nd2Ni18,1
Al80Nd4Ni16,1
Al80Nd8Ni12,1
Al80Nd12Ni8,1
Al82Nd2Ni16,1
Al82Nd4Ni14,1
Al82Nd6Ni12,1
Al82Nd8Ni10,1
Al82Nd10Ni8,1
Al84Nd1Ni15,1
Al84Nd2Ni14,1
Al84Nd4Ni12,1
Al84Nd6Ni10,1
Al84Nd8Ni8,1
Al84Nd12Ni4,1
Al85Nd2Ni13,1
Al86Nd1Ni13,1
Al86Nd2Ni12,1
Al86Nd4Ni10,1
Al86Nd6Ni8,1
Al86Nd8Ni6,1
Al86Nd10Ni4,1
Al88Nd1Ni11,1
Al88Nd2Ni10,1
Al88Nd4Ni8,1
Al88Nd6Ni6,1
Al88Nd8Ni4,1
Al90Nd2Ni8,1
Al90Nd3Ni7,1
Al90Nd4Ni6,1
Al90Nd6Ni4,1
Al90Nd8Ni2,1
Al86Nd14Ni0,0
Al90Nd1Ni9,0
Al92Nd2Ni6,0
Al92Nd4Ni4,0
Al92Nd6Ni2,0
Al94Nd4Ni2,0
Al96Nd4Ni0,0
Al98Nd2Ni0,0
Al94Nd2Ni4,0
Al96Nd2Ni2,0
Al52Ni23Si25,1
Al66Ni10Si24,1
Al71Ni4Si25,1
Al79Ni10Si11,1
Al65Ni15Si20,1
Al65Ni16Si19,1
Al65Ni17.5Si17.5,1
Al66.5Ni15Si18.5,1
Al67.5Ni15Si17.5,1
Al70Ni13Si17,1
Al70Ni15Si15,1
Al65Ni15Sm20,1
Al70Ni10Sm20,1
Al70Ni15Sm15,1
Al70Ni20Sm10,1
Al75Ni10Sm15,1
Al75Ni15Sm10,1
Al78Ni10Sm12,1
Al80Ni5Sm15,1
Al80Ni10Sm10,1
Al80Ni15Sm5,1
Al81Ni10Sm9,1
Al83Ni8Sm9,1
Al83Ni10Sm7,1
Al84Ni0Sm16,1
Al85Ni5Sm10,1
Al85Ni6Sm9,1
Al85Ni8Sm7,1
Al85Ni10Sm5,1
Al86Ni0Sm14,1
Al87Ni6Sm7,1
Al87Ni8Sm5,1
Al88Ni0Sm12,1
Al89Ni1Sm10,1
Al90Ni0Sm10,1
Al90Ni5Sm5,1
Al92Ni0Sm8,1
Al75Ni5Sm20,0
Al75Ni20Sm5,0
Al82Ni0Sm18,0
Al94Ni0Sm6,0
Al25Ni20Sm55,1
Al0Ni30Ti70,1
Al0Ni33Ti67,1
Al0Ni40Ti60,1
Al10Ni30Ti60,1
Al10Ni40Ti50,1
Al20Ni20Ti60,1
Al20Ni30Ti50,1
Al20Ni40Ti40,1
Al25Ni25Ti50,1
Al25Ni35Ti40,1
Al0Ni50Ti50,0
Al0Ni55Ti45,0
Al5Ni50Ti45,0
Al10Ni45Ti45,0
Al0Ni75Ti25,0
Al10Ni70Ti20,0
Al31Ni50Ti19,0
Al40Ni50Ti10,0
Al10Ni36Ti54,1
Al20Ni32Ti48,1
Al30Ni28Ti42,1
Al10Ni25Ti65,1
Al15Ni25Ti60,1
Al94.1Ni0Ti5.9,0
Al95.8Ni0.7Ti3.5,0
Al97.1Ni0Ti2.9,0
Al98.9Ni0Ti1.1,0
Al50Ni30Y20,1
Al55Ni25Y20,1
Al60Ni20Y20,1
Al60Ni25Y15,1
Al65Ni20Y15,1
Al70Ni20Y10,1
Al75Ni10Y15,1
Al80Ni10Y10,1
Al80Ni15Y5,1
Al82Ni5Y13,1
Al82Ni8Y10,1
Al85Ni0Y15,1
Al85Ni5Y10,1
Al85Ni10Y5,1
Al86Ni0Y14,1
Al87Ni0Y13,1
Al87Ni3Y10,1
Al87Ni5Y8,1
Al87Ni10Y3,1
Al88Ni0Y12,1
Al89Ni0Y11,1
Al90Ni0Y10,1
Al90Ni5Y5,1
Al91Ni0Y9,1
Al92Ni0Y8,1
Al80Ni5Y15,0
Al90Ni5Y5,0
Al70Ni10Y20,0
Al86Ni0Y14,0
Al90Ni10Y0,0
Al92Ni0Y8,0
Al70Ni15Y15,1
Al75Ni15Y10,1
Al78Ni15Y7,1
Al88Ni10Y2,1
Al65Ni15Y20,0
Al70Ni20Y10,0
Al75Ni5Y20,0
Al75Ni20Y5,0
Al88Ni9Y3,1
Al25Ni20Y55,1
Al60Ni30Zr10,1
Al65Ni20Zr15,1
Al70Ni20Zr10,1
Al80Ni15Zr5,1
Al82Ni13Zr5,1
Al83Ni10Zr7,1
Al84Ni10Zr6,1
Al85Ni10Zr5,1
Al86Ni9Zr5,1
Al86Ni10Zr4,1
Al87Ni10Zr3,1
Al70Ni15Zr15,0
Al70Ni25Zr5,0
Al82Ni10Zr8,0
Al83Ni15Zr2,0
Al87.5Ni7.5Zr5,0
Al88Ni10Zr2,0
Al55Ni30Zr15,0
Al60Ni20Zr20,0
Al0Ni36Zr64,1
Al5Ni34.2Zr60.8,1
Al10Ni32.4Zr57.6,1
Al15Ni30.6Zr54.4,1
Al20Ni28.8Zr51.2,1
Al25Ni27Zr48,1
Al0Ni20Zr80,1
Al0Ni30Zr70,1
Al0Ni40Zr60,1
Al0Ni50Zr50,1
Al0Ni60Zr40,1
Al0Ni65Zr35,1
Al5Ni15Zr80,1
Al5Ni20Zr75,1
Al5Ni25Zr70,1
Al5Ni30Zr65,1
Al5Ni35Zr60,1
Al5Ni40Zr55,1
Al5Ni45Zr50,1
Al5Ni50Zr45,1
Al5Ni55Zr40,1
Al5Ni60Zr35,1
Al5Ni65Zr30,1
Al10Ni10Zr80,1
Al10Ni15Zr75,1
Al10Ni20Zr70,1
Al10Ni25Zr65,1
Al10Ni30Zr60,1
Al10Ni35Zr55,1
Al10Ni40Zr50,1
Al10Ni50Zr40,1
Al10Ni55Zr35,1
Al10Ni60Zr30,1
Al15Ni5Zr80,1
Al15Ni10Zr75,1
Al15Ni15Zr70,1
Al15Ni20Zr65,1
Al15Ni25Zr60,1
Al15Ni30Zr55,1
Al15Ni35Zr50,1
Al15Ni40Zr45,1
Al15Ni45Zr40,1
Al15Ni50Zr35,1
Al15Ni55Zr30,1
Al20Ni10Zr70,1
Al20Ni15Zr65,1
Al20Ni20Zr60,1
Al20Ni25Zr55,1
Al20Ni30Zr50,1
Al20Ni35Zr45,1
Al20Ni40Zr40,1
Al20Ni45Zr35,1
Al20Ni50Zr30,1
Al25Ni5Zr70,1
Al25Ni10Zr65,1
Al25Ni15Zr60,1
Al25Ni20Zr55,1
Al25Ni25Zr50,1
Al25Ni30Zr45,1
Al25Ni35Zr40,1
Al25Ni40Zr35,1
Al25Ni45Zr30,1
Al30Ni15Zr55,1
Al30Ni20Zr50,1
Al30Ni25Zr45,1
Al30Ni30Zr40,1
Al30Ni35Zr35,1
Al30Ni40Zr30,1
Al35Ni20Zr45,1
Al35Ni35Zr30,1
Al45Ni10Zr45,1
Al60Ni20Zr20,1
Al5Ni85Zr10,0
Al5Ni10Zr85,0
Al10Ni5Zr85,0
Al10Ni70Zr20,0
Al10Ni80Zr10,0
Al20Ni0Zr80,0
Al20Ni60Zr20,0
Al20Ni70Zr10,0
Al25Ni0Zr75,0
Al30Ni0Zr70,0
Al30Ni10Zr60,0
Al30Ni50Zr20,0
Al30Ni60Zr10,0
Al35Ni5Zr60,0
Al40Ni10Zr50,0
Al40Ni20Zr40,0
Al40Ni30Zr30,0
Al40Ni40Zr20,0
Al40Ni50Zr10,0
Al50Ni10Zr40,0
Al50Ni20Zr30,0
Al50Ni30Zr20,0
Al50Ni40Zr10,0
Al60Ni10Zr30,0
Al70Ni10Zr20,0
Al70Ni30Zr0,0
Al80Ni10Zr10,0
Al80Ni20Zr0,0
Al90Ni5Zr5,0
Al90Ni10Zr0,0
Al0Ni18Zr82,1
Al0Ni68Zr32,1
Al1Ni16Zr83,1
Al2Ni14Zr84,1
Al2Ni66Zr32,1
Al4Ni12Zr84,1
Al5Ni10Zr85,1
Al6Ni64Zr30,1
Al8Ni8Zr84,1
Al9Ni62Zr29,1
Al11Ni6Zr83,1
Al11Ni60Zr29,1
Al13Ni58Zr29,1
Al14Ni4Zr82,1
Al16Ni56Zr28,1
Al18Ni2Zr80,1
Al18Ni54Zr28,1
Al20Ni2Zr78,1
Al20Ni52Zr28,1
Al22Ni2Zr76,1
Al22Ni50Zr28,1
Al24Ni2Zr74,1
Al24Ni48Zr28,1
Al26Ni4Zr70,1
Al26Ni8Zr66,1
Al26Ni46Zr28,1
Al27Ni6Zr67,1
Al27Ni10Zr63,1
Al28Ni12Zr60,1
Al28Ni44Zr28,1
Al30Ni14Zr56,1
Al30Ni42Zr28,1
Al32Ni16Zr52,1
Al32Ni20Zr48,1
Al32Ni40Zr28,1
Al33Ni22Zr45,1
Al33Ni38Zr29,1
Al34Ni20Zr46,1
Al34Ni24Zr42,1
Al34Ni34Zr32,1
Al34Ni36Zr30,1
Al35Ni26Zr39,1
Al35Ni32Zr33,1
Al36Ni28Zr36,1
Al36Ni30Zr34,1
Al57Ni26Zr17,1
Al57Ni28Zr15,1
Al57Ni30Zr13,1
Al57Ni32Zr11,1
Al58Ni32Zr10,1
Al59Ni24Zr17,1
Al59Ni32Zr9,1
Al60Ni22Zr18,1
Al62Ni20Zr18,1
Al62Ni30Zr8,1
Al64Ni28Zr8,1
Al65Ni18Zr17,1
Al66Ni26Zr8,1
Al68Ni24Zr8,1
Al70Ni16Zr14,1
Al70Ni22Zr8,1
Al73Ni20Zr7,1
Al74Ni14Zr12,1
Al76Ni18Zr6,1
Al78Ni12Zr10,1
Al79Ni16Zr5,1
Al81Ni10Zr9,1
Al82Ni14Zr4,1
Al84Ni8Zr8,1
Al86Ni12Zr2,1
Al88Ni7Zr5,1
Al88Ni10Zr2,1
Al89Ni9Zr2,1
Al0Ni90Zr10,1
Al2Ni88Zr10,1
Al5Ni85Zr10,1
Al0Ni90Zr10,0
Al15Ni75Zr10,0
Al0Si13Zr87,1
Al0Si15Zr85,1
Al0Si17Zr83,1
Al8Si7Zr85,1
Au22.5B10Er67.5,1
Au22.5B10Gd67.5,1
Au25B0Gd75,1
Au18B10Pr72,1
Au22.5B10Pr67.5,1
Al22.5B10Tb67.5,1
Al25B0Tb75,1
Au22.75Cu68.25La9,1
Au44.5Cu44.5La11,1
Au45Cu45La10,1
Au45.5Cu45.5La9,1
Au54.6Cu36.4La9,1
Au0Cu30Mg70,1
Au1Cu29Mg70,1
Au3Cu27Mg70,1
Au9Cu21Mg70,1
Au76.89Ge13.66Si9.45,1
Au77Ge14Si9,1
Au53.2Pb27.5Sb19.3,1
Au55Pb22.5Sb22.5,1
Au0Pd79Si21,1
Au0Pd80Si20,1
Au0Pd82Si18,1
Au0Pd84Si16,1
Au0Pd85Si15,1
Au3.5Pd80Si16.5,1
Au3.5Pd80.5Si16,1
Au4Pd75Si21,1
Au4Pd76Si20,1
Au4Pd78Si18,1
Au4Pd79Si17,1
Au4Pd81Si15,1
Au6Pd78Si16,1
Au7Pd73Si20,1
Au9Pd75Si16,1
Au12Pd68Si20,1
Au12Pd71Si17,1
Au66Pd16Si18,1
Au7.5Pd76Si16.5,1
Au4Pd79.5Si16.5,1
Au1.7Pd81.8Si16.5,1
Au4.2Pd79.3Si16.5,1
Au6.7Pd76.8Si16.5,1
Au10Pd73.5Si16.5,1
Au12.5Pd71Si16.5,1
Au15Pd68.5Si16.5,1
Au20.9Pd62.6Si16.5,0
Au0Pd83.5Si16.5,1
Au1Pd81Si18,1
Au2Pd80Si18,1
Au2Pd81.5Si16.5,1
Au3Pd79Si18,1
Au3Pd80.5Si16.5,1
Au5Pd78.5Si16.5,1
Au6Pd76Si18,1
Au6Pd77.5Si16.5,1
Au7Pd76.5Si16.5,1
Au10Pd72Si18,1
Au8Pd74Si18,1
Au5Pd77Si18,1
Au7Pd75Si18,1
B10Be20Fe70,1
B20Be0Fe80,1
B12C12Co76,1
B16C4Co80,1
B16C8Co76,1
B16C12Co72,1
B17C0Co83,1
B20C4Co76,1
B20C8Co72,1
B20C12Co68,1
B20C16Co64,1
B20C20Co60,1
B24C4Co72,1
B24C8Co68,1
B24C12Co64,1
B24C16Co60,1
B24C20Co56,1
B28C4Co68,1
B28C8Co64,1
B28C12Co60,1
B28C16Co56,1
B29C0Co71,1
B32C2Co66,1
B32C4Co64,1
B32C8Co60,1
B32C12Co56,1
B32C16Co52,1
B35C0Co65,1
B36C2Co62,1
B36C4Co60,1
B41C0Co59,1
B8C12Co80,0
B12C4Co84,0
B12C8Co80,0
B12C16Co72,0
B16C16Co68,0
B16C20Co64,0
B28C20Co52,0
B40C2Co58,0
B8C4Co88,0
B8C8Co84,0
B15C0Co85,0
B30C0Co70,0
B32C20Co48,0
B34C0Co66,0
B36C8Co56,0
B36C12Co52,0
B36C16Co48,0
B7C7Fe86,1
B8C7Fe85,1
B8C9Fe83,1
B9C9Fe82,1
B10C5Fe85,1
B10C7Fe83,1
B10C9Fe81,1
B11C5Fe84,1
B11C7Fe82,1
B11C9Fe80,1
B12C3Fe85,1
B12C5Fe83,1
B12C7Fe81,1
B12C9Fe79,1
B14C3Fe83,1
B14C5Fe81,1
B14C7Fe79,1
B15C5Fe80,1
B16C3Fe81,1
B17C5Fe78,1
B18C3Fe79,1
B9C11Fe80,1
B13C7Fe80,1
B16C4Fe80,1
B17C3Fe80,1
B10C10Fe80,1
B20C0Fe80,1
B18C2Fe80,1
B19C0Fe81,1
B14C5Ni81,1
B16C2Ni82,1
B16C4Ni80,1
B16C6Ni78,1
B16C8Ni76,1
B16C10Ni74,1
B18C12Ni70,1
B18C16Ni66,1
B20C2Ni78,1
B20C12Ni68,1
B20C16Ni64,1
B22C10Ni68,1
B22C12Ni66,1
B22C14Ni64,1
B22C18Ni60,1
B24C8Ni68,1
B26C6Ni68,1
B26C12Ni62,1
B26C14Ni60,1
B28C0Ni72,1
B28C2Ni70,1
B28C4Ni68,1
B28C6Ni66,1
B28C8Ni64,1
B28C10Ni62,1
B28C16Ni56,1
B30C12Ni58,1
B34C0Ni66,1
B34C6Ni60,1
B34C10Ni56,1
B34C12Ni54,1
B34C14Ni52,1
B38C0Ni62,1
B38C6Ni56,1
B38C10Ni52,1
B38C12Ni50,1
B38C14Ni48,1
B40C2Ni58,1
B40C8Ni52,1
B42C0Ni58,1
B42C2Ni56,1
B42C8Ni50,1
B42C10Ni48,1
B42C12Ni46,1
B42C14Ni44,1
B42C16Ni42,1
B46C12Ni42,1
B46C20Ni34,1
B50C12Ni38,1
B50C20Ni30,1
B55C8Ni37,1
B55C12Ni33,1
B55C16Ni29,1
B59C4Ni37,1
B11.5C10Ni78.5,0
B13C10Ni77,0
B13C12Ni75,0
B14C20Ni66,0
B15C12Ni73,0
B17C8Ni75,0
B17C16Ni67,0
B22C8Ni70,0
B26C4Ni70,0
B40C6Ni54,0
B50C8Ni42,0
B0C5Ni95,0
B0C10Ni90,0
B0C15Ni85,0
B0C20Ni80,0
B5C0Ni95,0
B5C5Ni90,0
B5C15Ni80,0
B5C20Ni75,0
B10C5Ni85,0
B10C8Ni82,0
B10C10Ni80,0
B10C15Ni75,0
B10C20Ni70,0
B12C6Ni82,0
B14C2Ni84,0
B14C16Ni70,0
B16C0Ni84,0
B18C0Ni82,0
B18C6Ni76,0
B20C0Ni80,0
B20C6Ni74,0
B20C8Ni72,0
B22C0Ni78,0
B22C2Ni76,0
B22C5Ni73,0
B24C0Ni76,0
B24C4Ni72,0
B26C0Ni74,0
B26C2Ni72,0
B40C4Ni56,0
B41C6Ni53,0
B42C0Ni58,0
B42.5C2.5Ni55,0
B44C2.5Ni53.5,0
B46C0Ni54,0
B46C4Ni50,0
B46C8Ni46,0
B48C0Ni52,0
B50C4Ni46,0
B54C0Ni46,0
B58C4Ni38,0
B20Co30Cr50,1
B20Co35Cr45,1
B20Co40Cr40,1
B20Co50Cr30,1
B20Co55Cr25,1
B20Co60Cr20,1
B20Co72Cr8,1
B20Co80Cr0,1
B20Co65Cr15,1
B20Co70Cr10,1
B18.5Co81.5Cr0,1
B25Co67.5Cr7.5,1
B25Co75Cr0,1
B30Co70Cr0,1
B35Co65Cr0,1
B40Co60Cr0,1
B20Co0Fe80,1
B20Co74Fe6,1
B20Co10Fe70,1
B20Co20Fe60,1
B20Co30Fe50,1
B20Co40Fe40,1
B20Co50Fe30,1
B20Co60Fe20,1
B20Co70Fe10,1
B20Co80Fe0,1
B16Co0Fe84,1
B17Co10Fe73,1
B20Co5Fe75,1
B20Co75Fe5,1
B17Co1Fe82,1
B17Co2Fe81,1
B17Co3Fe80,1
B17Co4Fe79,1
B17Co6Fe77,1
B17Co7.5Fe75.5,1
B17Co11.5Fe71.5,1
B17Co16.5Fe66.5,1
B17Co19Fe64,1
B17Co22Fe61,1
B17Co25Fe58,1
B17Co33Fe50,1
B17Co41.5Fe41.5,1
B17Co54Fe29,1
B17Co66.5Fe16.5,1
B9Co0Fe91,1
B9Co85Fe6,1
B17Co0Fe83,1
B17Co62Fe21,1
B17Co75Fe8,1
B17Co77Fe6,1
B25Co0Fe75,1
B25Co70Fe5,1
B19Co0Fe81,1
B20Co4Fe76,1
B11Co89Mn0,1
B12Co52.8Mn35.2,1
B12Co53Mn35,1
B12Co57Mn31,1
B12Co61.6Mn26.4,1
B12Co62Mn26,1
B12Co70.4Mn17.6,1
B12Co70.5Mn17.5,1
B12Co79Mn9,1
B12Co88Mn0,1
B16Co50.4Mn33.6,1
B16Co50.5Mn33.5,1
B16Co54.5Mn29.5,1
B16Co58.8Mn25.2,1
B16Co59Mn25,1
B16Co67Mn17,1
B16Co67.2Mn16.8,1
B16Co75Mn9,1
B16Co75.6Mn8.4,1
B16Co84Mn0,1
B20Co48Mn32,1
B20Co52Mn28,1
B20Co56Mn24,1
B20Co64Mn16,1
B20Co72Mn8,1
B20Co80Mn0,1
B24Co45.5Mn30.5,1
B24Co49.4Mn26.6,1
B24Co49.5Mn26.5,1
B24Co53Mn23,1
B24Co53.2Mn22.8,1
B24Co60.8Mn15.2,1
B24Co61Mn15,1
B24Co68Mn8,1
B24Co68.4Mn7.6,1
B24Co76Mn0,1
B28Co43Mn29,1
B28Co43.2Mn28.8,1
B28Co47Mn25,1
B28Co50Mn22,1
B28Co50.4Mn21.6,1
B28Co57.6Mn14.4,1
B28Co58Mn14,1
B28Co64.8Mn7.2,1
B28Co65Mn7,1
B28Co72Mn0,1
B32Co41Mn27,1
B32Co44Mn24,1
B32Co46.4Mn21.6,1
B32Co47Mn21,1
B32Co54.4Mn13.6,1
B32Co54.5Mn13.5,1
B32Co61Mn7,1
B32Co68Mn0,1
B12Co48Mn40,1
B12Co61Mn27,1
B12Co68Mn20,1
B12Co70Mn18,1
B16Co50Mn34,1
B20Co40Mn40,1
B20Co60Mn20,1
B24Co54Mn22,1
B28Co32Mn40,1
B28Co51Mn21,1
B28Co52Mn20,1
B32Co48Mn20,1
B32Co54Mn14,1
B24Co38Mn38,1
B24Co45.6Mn30.4,1
B12Co18Mn70,1
B12Co24Mn64,1
B12Co34Mn54,1
B12Co39Mn49,1
B12Co44Mn44,1
B12Co45Mn43,1
B12Co49Mn39,1
B16Co17Mn67,1
B16Co20Mn64,1
B16Co21Mn63,1
B16Co24.5Mn59.5,1
B16Co25Mn59,1
B16Co27Mn57,1
B16Co33Mn51,1
B16Co35Mn49,1
B16Co42Mn42,1
B16Co43.5Mn40.5,1
B16Co49Mn35,1
B16Co65Mn19,1
B16Co65.5Mn18.5,1
B16Co76Mn8,1
B20Co20Mn60,1
B20Co28.5Mn51.5,1
B20Co32Mn48,1
B20Co36.5Mn43.5,1
B20Co37Mn43,1
B20Co41.5Mn38.5,1
B20Co44Mn36,1
B20Co47.5Mn32.5,1
B20Co57Mn23,1
B24Co24Mn52,1
B24Co27Mn49,1
B24Co28Mn48,1
B24Co33Mn43,1
B24Co34Mn42,1
B24Co39Mn37,1
B24Co42Mn34,1
B24Co46.5Mn29.5,1
B24Co48Mn28,1
B24Co52Mn24,1
B28Co25Mn47,1
B28Co30Mn42,1
B28Co36Mn36,1
B28Co37Mn35,1
B28Co41Mn31,1
B28Co41.5Mn30.5,1
B28Co45Mn27,1
B28Co45.5Mn26.5,1
B31Co41Mn28,1
B18.5Co81.5Mn0,1
B25Co67.5Mn7.5,1
B25Co75Mn0,1
B30Co70Mn0,1
B35Co65Mn0,1
B40Co60Mn0,1
B11Co53.4Mn35.6,1
B11Co71.2Mn17.8,1
B33Co40.2Mn26.8,1
B33Co53.6Mn13.4,1
B2Co84Nb14,1
B5Co81Nb14,1
B10Co77Nb13,1
B6Co80Nb14,1
B6Co84Nb10,0
B12Co80Nb8,1
B34Co33Ni33,1
B34Co66Ni0,1
B7Co80P13,1
B7.5Co77.5Si15,1
B10Co75Si15,1
B10Co77.5Si12.5,1
B12.5Co77.5Si10,1
B12.5Co80Si7.5,1
B15Co70Si15,1
B15Co72.5Si12.5,1
B15Co75Si10,1
B15Co77.5Si7.5,1
B15Co80Si5,1
B20Co65Si15,1
B20Co67.5Si12.5,1
B20Co70Si10,1
B20Co72.5Si7.5,1
B20Co75Si5,1
B25Co62.5Si12.5,1
B25Co65Si10,1
B25Co67.5Si7.5,1
B25Co70Si5,1
B27.5Co65Si7.5,1
B30Co65Si5,1
B20Co62.5Si17.5,0
B20Co80Si0,0
B25Co75Si0,0
B30Co70Si0,0
B5Co75Si20,0
B10Co70Si20,0
B10Co80Si10,0
B10Co82Si8,0
B10Co85Si5,0
B12.5Co80.5Si7,0
B14Co82Si4,0
B15Co65Si20,0
B15Co85Si0,0
B20Co60Si20,0
B22.5Co60Si17.5,0
B12Co78Si10,1
B12.5Co75Si12.5,1
B17.5Co75Si7.5,1
B11Co78Si11,1
B13.5Co73Si13.5,1
B14.75Co70.5Si14.75,1
B16Co68Si16,1
B14Co80Si6,1
B10Co20Ti70,1
B18Co66Ti16,1
B18Co70Ti12,1
B18Co74Ti8,1
B18Co78Ti4,1
B20Co64Ti16,1
B20Co68Ti12,1
B20Co72Ti8,1
B20Co76Ti4,1
B20Co80Ti0,1
B22Co62Ti16,1
B22Co66Ti12,1
B22Co70Ti8,1
B22Co74Ti4,1
B24Co64Ti12,1
B24Co68Ti8,1
B24Co72Ti4,1
B12Co68Ti20,1
B12.75Co72.25Ti15,1
B13.5Co76.5Ti10,1
B11.25Co63.75V25,1
B12Co68V20,1
B12.75Co72.25V15,1
B13.5Co76.5V10,1
B14.25Co80.75V5,1
B40Co40Y20,1
B0Co90Zr10,1
B2Co88Zr10,1
B5Co85Zr10,1
B2Co82Zr16,1
B4Co86Zr10,1
B7Co77Zr16,1
B10Co74Zr16,1
B10Co80Zr10,1
B13Co71Zr16,1
B16Co68Zr16,1
B16Co74Zr10,1
B20Co70Zr10,1
B25Co65Zr10,1
B2Co82Zr16,0
B0Co91Zr9,1
B2Co91Zr7,1
B20Cr5Fe75,1
B20Cr10Fe70,1
B15Cr0Fe85,1
B15Cr2.5Fe82.5,1
B15Cr4Fe81,1
B15Cr7Fe78,1
B15Cr9Fe76,1
B15Cr10Fe75,1
B15Cr12Fe73,1
B20Cr0Fe80,1
B20Cr8Fe72,1
B20Cr20Fe60,1
B20Cr25Fe55,1
B20Cr30Fe50,1
B20Cr35Fe45,1
B20Cr40Fe40,1
B15Cr11Fe74,1
B15Cr25Fe60,1
B9Cr0Fe91,1
B9Cr85Fe6,1
B17Cr2.5Fe80.5,1
B25Cr0Fe75,1
B25Cr70Fe5,1
B2Cr8Fe90,1
B2Cr10Fe88,1
B4Cr8Fe88,1
B4Cr10Fe86,1
B6Cr8Fe86,1
B6Cr10Fe84,1
B8Cr8Fe84,1
B8Cr10Fe82,1
B10Cr24Fe66,1
B10Cr26Fe64,1
B12Cr5Fe83,1
B12Cr10Fe78,1
B12Cr14Fe74,1
B12Cr15Fe73,1
B12Cr18Fe70,1
B12Cr20Fe68,1
B12Cr22Fe66,1
B12Cr24Fe64,1
B14Cr5Fe81,1
B14Cr10Fe76,1
B14Cr14Fe72,1
B14Cr15Fe71,1
B14Cr20Fe66,1
B14Cr24Fe62,1
B16Cr5Fe79,1
B16Cr10Fe74,1
B16Cr14Fe70,1
B16Cr20Fe64,1
B18Cr5Fe77,1
B18Cr10Fe72,1
B18Cr14Fe68,1
B18Cr20Fe62,1
B8Cr18Fe74,0
B8Cr20Fe72,0
B8Cr22Fe70,0
B8Cr24Fe68,0
B8Cr26Fe66,0
B10Cr5Fe85,0
B10Cr8Fe82,0
B10Cr10Fe80,0
B10Cr12Fe78,0
B10Cr14Fe76,0
B10Cr15Fe75,0
B10Cr18Fe72,0
B10Cr20Fe70,0
B10Cr22Fe68,0
B2Cr12Fe86,0
B2Cr14Fe84,0
B2Cr16Fe82,0
B2Cr20Fe78,0
B4Cr5Fe91,0
B4Cr12Fe84,0
B4Cr14Fe82,0
B4Cr15Fe81,0
B4Cr16Fe80,0
B4Cr20Fe76,0
B6Cr5Fe89,0
B6Cr12Fe82,0
B6Cr14Fe80,0
B6Cr15Fe79,0
B6Cr16Fe78,0
B6Cr18Fe76,0
B6Cr20Fe74,0
B6Cr22Fe72,0
B6Cr24Fe70,0
B6Cr26Fe68,0
B8Cr5Fe87,0
B8Cr12Fe80,0
B8Cr14Fe78,0
B8Cr15Fe77,0
B8Cr16Fe76,0
B19Cr0Fe81,1
B15Cr5Fe80,1
B15Cr15Fe70,1
B15Cr20Fe65,1
B15Cr30Fe55,1
B20Cr1Fe79,1
B20Cr2.5Fe77.5,1
B20Cr4Fe76,1
B14.4Cr6.6Fe79,1
B11Cr27Fe62,1
B12Cr26Fe62,1
B14Cr26Fe60,1
B17.5Cr25Fe57.5,1
B19.5Cr24.5Fe56,1
B21Cr24Fe55,1
B20Cr6Fe74,1
B20Cr15Fe65,1
B14Cr0Fe86,1
B14Cr7Fe79,1
B16Cr7Fe77,1
B20Cr10Ni70,1
B20Cr20Ni60,1
B20Cr25Ni55,1
B20Cr30Ni50,1
B13Cu0Fe87,1
B13Cu0.5Fe86.5,1
B14Cu0Fe86,1
B14Cu0.5Fe85.5,1
B16Cu0Fe84,1
B16Cu0.5Fe83.5,1
B18Cu0Fe82,1
B18Cu0.5Fe81.5,1
B20Cu0Fe80,1
B20Cu0.5Fe79.5,1
B14Cu1Fe85,0
B14Cu3Fe83,0
B14Cu5Fe81,0
B14Cu10Fe76,0
B16Cu1Fe83,0
B16Cu3Fe81,0
B16Cu5Fe79,0
B16Cu10Fe74,0
B16Cu15Fe69,0
B18Cu1Fe81,0
B18Cu5Fe77,0
B18Cu10Fe72,0
B18Cu15Fe67,0
B18Cu20Fe62,0
B20Cu1Fe79,0
B20Cu5Fe75,0
B20Cu10Fe70,0
B4Cu1Fe95,0
B4Cu5Fe91,0
B4Cu10Fe86,0
B6Cu1Fe93,0
B6Cu3Fe91,0
B6Cu5Fe89,0
B6Cu10Fe84,0
B6Cu15Fe79,0
B8Cu1Fe91,0
B8Cu3Fe89,0
B8Cu5Fe87,0
B8Cu10Fe82,0
B8Cu15Fe77,0
B10Cu1Fe89,0
B10Cu3Fe87,0
B10Cu5Fe85,0
B10Cu10Fe80,0
B10Cu15Fe75,0
B12Cu1Fe87,0
B12Cu3Fe85,0
B12Cu5Fe83,0
B12Cu10Fe78,0
B12Cu15Fe73,0
B12Cu20Fe68,0
B14Cu15Fe71,0
B14Cu20Fe66,0
B16Cu20Fe64,0
B17Cu1.5Fe81.5,1
B19Cu0Fe81,1
B17Cu3Ni80,1
B1Cu30Zr69,1
B1Cu40Zr59,1
B1Cu50Zr49,1
B1Cu60Zr39,1
B1Cu70Zr29,1
B2.5Cu20Zr77.5,1
B2.5Cu25Zr72.5,1
B2.5Cu30Zr67.5,1
B2.5Cu35Zr62.5,1
B2.5Cu40Zr57.5,1
B2.5Cu45Zr52.5,1
B2.5Cu50Zr47.5,1
B2.5Cu55Zr42.5,1
B2.5Cu60Zr37.5,1
B2.5Cu65Zr32.5,1
B2.5Cu70Zr27.5,1
B2.5Cu80Zr17.5,1
B5Cu15Zr80,1
B5Cu20Zr75,1
B5Cu25Zr70,1
B5Cu30Zr65,1
B5Cu35Zr60,1
B5Cu40Zr55,1
B5Cu45Zr50,1
B5Cu50Zr45,1
B5Cu55Zr40,1
B5Cu60Zr35,1
B5Cu65Zr30,1
B5Cu70Zr25,1
B7.5Cu25Zr67.5,1
B7.5Cu30Zr62.5,1
B7.5Cu35Zr57.5,1
B7.5Cu50Zr42.5,1
B7.5Cu55Zr37.5,1
B10Cu25Zr65,1
B10Cu30Zr60,1
B10Cu35Zr55,1
B1Cu75Zr24,0
B2.5Cu75Zr22.5,0
B7.5Cu15Zr77.5,0
B1Cu20Zr79,0
B17Fe73Ga10,1
B17Fe75Ga8,1
B17Fe77Ga6,1
B17Fe79Ga4,1
B17Fe81Ga2,1
B10Fe80Ge10,1
B12Fe80Ge8,1
B15Fe80Ge5,1
B18Fe80Ge2,1
B19Fe81Ge0,1
B4Fe89Hf7,1
B2Fe91Hf7,1
B6Fe87Hf7,1
B8Fe85Hf7,1
B12Fe81Hf7,1
B14Fe86Hf0,1
B16Fe77Hf7,1
B16Fe76Ho8,1
B16Fe80Ho4,1
B16Fe82Ho2,1
B16Fe84Ho0,1
B16Fe81La3,1
B20Fe60Mn20,1
B20Fe62Mn18,1
B20Fe64Mn16,1
B20Fe66Mn14,1
B20Fe70Mn10,1
B20Fe72Mn8,1
B20Fe74Mn6,1
B20Fe76Mn4,1
B20Fe78Mn2,1
B20Fe80Mn0,1
B9Fe6Mn85,1
B9Fe91Mn0,1
B17Fe80.5Mn2.5,1
B25Fe5Mn70,1
B25Fe75Mn0,1
B14Fe20Mn66,1
B14Fe71Mn15,1
B14Fe76Mn10,1
B14Fe81Mn5,1
B14Fe83Mn3,1
B14Fe85Mn1,1
B16Fe74Mn10,1
B16Fe81Mn3,1
B16Fe83Mn1,1
B10Fe20Mn70,0
B10Fe75Mn15,0
B10Fe80Mn10,0
B10Fe85Mn5,0
B10Fe87Mn3,0
B10Fe89Mn1,0
B12Fe20Mn68,0
B12Fe73Mn15,0
B12Fe78Mn10,0
B12Fe83Mn5,0
B12Fe85Mn3,0
B12Fe87Mn1,0
B4Fe91Mn5,0
B4Fe93Mn3,0
B4Fe95Mn1,0
B6Fe79Mn15,0
B6Fe84Mn10,0
B6Fe89Mn5,0
B6Fe91Mn3,0
B6Fe93Mn1,0
B8Fe20Mn72,0
B8Fe77Mn15,0
B8Fe82Mn10,0
B8Fe87Mn5,0
B8Fe89Mn3,0
B8Fe91Mn1,0
B19Fe81Mn0,1
B20Fe75Mn5,1
B19Fe77Mn4,1
B20Fe78Mo2,1
B20Fe72Mo8,1
B20Fe73Mo7,1
B20Fe74Mo6,1
B20Fe70Mo10,1
B20Fe75Mo5,1
B20Fe76Mo4,1
B20Fe77Mo3,1
B20Fe79Mo1,1
B20Fe80Mo0,1
B9Fe6Mo85,1
B9Fe91Mo0,1
B17Fe80.5Mo2.5,1
B25Fe5Mo70,1
B25Fe75Mo0,1
B10Fe70Mo20,1
B10Fe72Mo18,1
B10Fe75Mo15,1
B10Fe78Mo12,1
B10Fe80Mo10,1
B10Fe82Mo8,1
B12Fe68Mo20,1
B12Fe70Mo18,1
B12Fe73Mo15,1
B12Fe76Mo12,1
B12Fe78Mo10,1
B12Fe80Mo8,1
B12Fe83Mo5,1
B14Fe66Mo20,1
B14Fe71Mo15,1
B14Fe74Mo12,1
B14Fe76Mo10,1
B14Fe78Mo8,1
B14Fe81Mo5,1
B16Fe64Mo20,1
B16Fe69Mo15,1
B16Fe76Mo8,1
B16Fe79Mo5,1
B6Fe74Mo20,0
B6Fe76Mo18,0
B6Fe79Mo15,0
B6Fe82Mo12,0
B6Fe84Mo10,0
B7Fe85Mo8,0
B8Fe72Mo20,0
B8Fe74Mo18,0
B8Fe77Mo15,0
B8Fe80Mo12,0
B8Fe82Mo10,0
B8Fe87Mo5,0
B9Fe83Mo8,0
B10Fe85Mo5,0
B2Fe78Mo20,0
B2Fe80Mo18,0
B2Fe83Mo15,0
B2Fe86Mo12,0
B2Fe88Mo10,0
B2Fe90Mo8,0
B2Fe93Mo5,0
B4Fe76Mo20,0
B4Fe78Mo18,0
B4Fe81Mo15,0
B4Fe84Mo12,0
B4Fe86Mo10,0
B4Fe88Mo8,0
B4Fe91Mo5,0
B6Fe86Mo8,0
B6Fe89Mo5,0
B12Fe81Mo7,1
B14Fe86Mo0,1
B6Fe82Nb12,1
B8Fe77Nb15,1
B8Fe80Nb12,1
B10Fe75Nb15,1
B10Fe78Nb12,1
B10Fe85Nb5,1
B12Fe83Nb5,1
B5Fe80Nb15,0
B5Fe83Nb12,0
B6Fe79Nb15,0
B8Fe87Nb5,0
B3Fe85Nb12,0
B3Fe92Nb5,0
B6Fe89Nb5,0
B17Fe80Nb3,1
B17Fe83Nb0,1
B9Fe84Nb7,1
B8Fe85Nb7,1
B10Fe83Nb7,1
B12Fe81Nb7,1
B14Fe86Nb0,1
B16Fe77Nb7,1
B17.5Fe61.875Nd20.625,1
B17.5Fe66Nd16.5,1
B17.5Fe70.125Nd12.375,1
B17.5Fe74.25Nd8.25,1
B17.5Fe78.375Nd4.125,1
B17.5Fe82.5Nd0,1
B8Fe77Nd15,1
B4.8Fe82.2Nd14,1
B6.1Fe82.1Nd11.8,1
B7.8Fe78.2Nd14,1
B19Fe77Nd4,1
B5Fe81Nd14,0
B6Fe78Nd16,0
B18.5Fe31.5Nd50,1
B18.5Fe51.5Nd30,1
B18.5Fe61.5Nd20,1
B18.5Fe69.5Nd12,1
B18.5Fe75.5Nd6,1
B18.5Fe78.5Nd3,1
B18.5Fe81.5Nd0,1
B0Fe75Nd25,1
B0Fe79Nd21,1
B0Fe82Nd18,1
B0Fe85Nd15,1
B3Fe82Nd15,1
B6Fe82Nd12,1
B9Fe82Nd9,1
B12Fe82Nd6,1
B15Fe82Nd3,1
B18Fe82Nd0,1
B8Fe76Nd16,1
B8Fe79Nd13,1
B18.5Fe77Nd4.5,1
B0Fe40Nd60,1
B0Fe50Nd50,1
B0Fe60Nd40,1
B0Fe67Nd33,1
B0Fe80Nd20,1
B0Fe89Nd11,1
B16Fe33.6Nd50.4,1
B16Fe42Nd42,1
B16Fe50.4Nd33.6,1
B16Fe56.3Nd27.7,1
B16Fe67.2Nd16.8,1
B16Fe74.8Nd9.2,1
B16Fe84Nd0,1
B7.5Fe77.5Nd15,1
B20Fe40Ni40,1
B20Fe80Ni0,1
B20Fe20Ni60,1
B20Fe30Ni50,1
B20Fe50Ni30,1
B20Fe60Ni20,1
B20Fe70Ni10,1
B0Fe50Ni50,1
B16Fe42Ni42,1
B18Fe41Ni41,1
B26Fe37Ni37,1
B30Fe35Ni35,1
B17Fe54Ni29,1
B17Fe66.4Ni16.6,1
B17Fe83Ni0,1
B16Fe84Ni0,1
B17Fe23Ni60,1
B17Fe33Ni50,1
B17Fe43Ni40,1
B17Fe48Ni35,1
B17Fe53Ni30,1
B17Fe63Ni20,1
B17Fe73Ni10,1
B16Fe25Ni59,1
B16Fe33.5Ni50.5,1
B17Fe7Ni76,1
B17Fe21Ni62,1
B17Fe24Ni59,1
B17Fe32.5Ni50.5,1
B17Fe41Ni42,1
B17Fe50Ni33,1
B18Fe23Ni59,1
B18Fe31.5Ni50.5,1
B18Fe40Ni42,1
B19Fe22Ni59,1
B19Fe30.5Ni50.5,1
B19Fe39Ni42,1
B20Fe21Ni59,1
B20Fe29.5Ni50.5,1
B20Fe38Ni42,1
B9Fe6Ni85,1
B9Fe91Ni0,1
B17Fe80.5Ni2.5,1
B25Fe5Ni70,1
B25Fe75Ni0,1
B22Fe39Ni39,1
B25Fe65Ni10,1
B27Fe36.5Ni36.5,1
B10Fe80Ni10,1
B10Fe85Ni5,1
B12Fe68Ni20,1
B12Fe73Ni15,1
B12Fe78Ni10,1
B14Fe61Ni25,1
B14Fe66Ni20,1
B14Fe71Ni15,1
B14Fe76Ni10,1
B14Fe81Ni5,1
B14Fe83Ni3,1
B14Fe85Ni1,1
B16Fe59Ni25,1
B16Fe64Ni20,1
B16Fe69Ni15,1
B16Fe74Ni10,1
B16Fe79Ni5,1
B16Fe81Ni3,1
B16Fe83Ni1,1
B18Fe57Ni25,1
B18Fe62Ni20,1
B18Fe67Ni15,1
B18Fe72Ni10,1
B18Fe77Ni5,1
B10Fe89Ni1,0
B12Fe83Ni5,0
B12Fe85Ni3,0
B12Fe87Ni1,0
B2Fe73Ni25,0
B2Fe78Ni20,0
B2Fe83Ni15,0
B2Fe88Ni10,0
B4Fe71Ni25,0
B4Fe76Ni20,0
B4Fe81Ni15,0
B4Fe86Ni10,0
B4Fe91Ni5,0
B4Fe93Ni3,0
B4Fe95Ni1,0
B6Fe69Ni25,0
B6Fe74Ni20,0
B6Fe79Ni15,0
B6Fe84Ni10,0
B6Fe89Ni5,0
B6Fe93Ni1,0
B8Fe67Ni25,0
B8Fe72Ni20,0
B8Fe77Ni15,0
B8Fe82Ni10,0
B8Fe87Ni5,0
B8Fe89Ni3,0
B8Fe91Ni1,0
B10Fe65Ni25,0
B10Fe70Ni20,0
B10Fe75Ni15,0
B12Fe63Ni25,0
B19Fe81Ni0,1
B20Fe75Ni5,1
B20Fe35Ni45,1
B14Fe43Ni43,1
B23Fe12.3Ni64.7,1
B23Fe38.5Ni38.5,1
B23Fe46.2Ni30.8,1
B23Fe60.1Ni16.9,1
B16.5Fe21Ni62.5,1
B16.5Fe61.5Ni22,1
B17.5Fe21Ni61.5,1
B17.5Fe41.5Ni41,1
B19Fe20.5Ni60.5,1
B19Fe61Ni20,1
B19.5Fe40.5Ni40,1
B20.5Fe59.5Ni20,1
B21.5Fe58.5Ni20,1
B22Fe19.5Ni58.5,1
B24Fe38Ni38,1
B24Fe57Ni19,1
B25Fe56Ni19,1
B27Fe18.5Ni54.5,1
B27Fe54.5Ni18.5,1
B28.5Fe53.5Ni18,1
B29Fe18Ni53,1
B19Fe76Ni5,1
B20Fe15Ni65,1
B17Fe80Ni3,1
B24Fe66Ni10,1
B7Fe80P13,1
B0Fe80P20,1
B2.3Fe83P14.7,1
B3Fe79P18,1
B5Fe83P12,1
B6Fe79P15,1
B6Fe80P14,1
B6Fe81P13,1
B6Fe82P12,1
B6Fe83P11,1
B7Fe79P14,1
B7Fe81P12,1
B7Fe82P11,1
B7Fe83P10,1
B8Fe79P13,1
B8Fe80P12,1
B8Fe81P11,1
B8Fe82P10,1
B8Fe83P9,1
B9Fe78P13,1
B9Fe79P12,1
B9Fe80P11,1
B9Fe81P10,1
B9Fe82P9,1
B10Fe79P11,1
B10Fe80P10,1
B10Fe81P9,1
B10Fe83P7,1
B11Fe79P10,1
B11Fe80P9,1
B12Fe79P9,1
B12Fe80P8,1
B12Fe81P7,1
B12Fe82P6,1
B12Fe83P5,1
B13Fe77P10,1
B13Fe79P8,1
B13Fe80P7,1
B14Fe79P7,1
B14Fe81P5,1
B14Fe83P3,1
B15Fe77P8,1
B15Fe79P6,1
B15Fe80P5,1
B16Fe79P5,1
B16Fe81P3,1
B17Fe77P6,1
B17Fe79P4,1
B20Fe76P4,1
B20Fe80P0,1
B21Fe75P4,1
B3Fe83P14,0
B4Fe84P12,0
B5Fe84P11,0
B6Fe84P10,0
B7Fe84P9,0
B11Fe75P14,0
B11Fe85P4,0
B17Fe80P3,0
B18Fe79P3,0
B18Fe80P2,0
B18Fe82P0,0
B19Fe75P6,0
B19Fe77P4,0
B19Fe81P0,0
B21Fe79P0,0
B4Fe80P16,1
B14Fe80P6,1
B16Fe80P4,1
B18Fe80P2,1
B18Fe80Pd2,1
B19Fe81Pd0,1
B17Fe80Si3,1
B20Fe80Si0,1
B12Fe78Si10,1
B9Fe77.5Si13.5,1
B12Fe72Si16,1
B12Fe75Si13,1
B12Fe77Si11,1
B12Fe80Si8,1
B15Fe72.5Si12.5,1
B15Fe75Si10,1
B15Fe77.5Si7.5,1
B15Fe81Si4,1
B15Fe83Si2,1
B16Fe82Si2,1
B18Fe72Si10,1
B18Fe78Si4,1
B18Fe80Si2,1
B18Fe82Si0,1
B20Fe78Si2,1
B21Fe70Si9,1
B21Fe72Si7,1
B21Fe75Si4,1
B22Fe71Si7,1
B24Fe69Si7,1
B9Fe80Si11,0
B12Fe84Si4,0
B13Fe85Si2,0
B24Fe73Si3,0
B6Fe83Si11,0
B9Fe83Si8,0
B22Fe76Si2,0
B24Fe74Si2,0
B5Fe80Si15,1
B7.5Fe77.5Si15,1
B7.5Fe80Si12.5,1
B10Fe72.5Si17.5,1
B10Fe75Si15,1
B10Fe77.5Si12.5,1
B10Fe80Si10,1
B12.5Fe70Si17.5,1
B12.5Fe72.5Si15,1
B12.5Fe75Si12.5,1
B12.5Fe77.5Si10,1
B12.5Fe80Si7.5,1
B12.5Fe82.5Si5,1
B15Fe67.5Si17.5,1
B15Fe70Si15,1
B15Fe80Si5,1
B17.5Fe67.5Si15,1
B17.5Fe70Si12.5,1
B17.5Fe72.5Si10,1
B17.5Fe75Si7.5,1
B17.5Fe77.5Si5,1
B20Fe65Si15,1
B20Fe67.5Si12.5,1
B20Fe70Si10,1
B20Fe72.5Si7.5,1
B20Fe75Si5,1
B20Fe77.5Si2.5,1
B22.5Fe67.5Si10,1
B22.5Fe70Si7.5,1
B22.5Fe72.5Si5,1
B22.5Fe77.5Si0,1
B81.5Fe12.5Si6,0
B7.5Fe74.5Si18,0
B7.5Fe82.5Si10,0
B10Fe83.5Si6.5,0
B6Fe81.5Si12.5,0
B7.5Fe75Si17.5,0
B10Fe83Si7,0
B13Fe75Si12,1
B14.5Fe81.5Si4,1
B14Fe83Si3,1
B14Fe78Si8,1
B17Fe79.5Si3.5,1
B19Fe81Si0,1
B7.5Fe75Si17.5,1
B10Fe70Si20,1
B12Fe70Si18,1
B15Fe72Si13,1
B15Fe78Si7,1
B15Fe82Si3,1
B15Fe85Si0,1
B17Fe70Si13,1
B17Fe83Si0,1
B17.5Fe80Si2.5,1
B22Fe75Si3,1
B22Fe78Si0,1
B25Fe75Si0,1
B12.2Fe74.8Si13,1
B12.5Fe78.5Si9,1
B14.5Fe78Si7.5,1
B15Fe74.5Si10.5,1
B15Fe75.3Si9.7,1
B16Fe74Si10,1
B17.5Fe73Si9.5,1
B17.8Fe74.9Si7.3,1
B20Fe67Si13,1
B14Fe79Si7,1
B12Fe82Si6,1
B12Fe83Si5,1
B12Fe84Si4,1
B13Fe82Si5,1
B13Fe83Si4,1
B13Fe84Si3,1
B14Fe82Si4,1
B14Fe84Si2,1
B15Fe84Si1,1
B16Fe83Si1,1
B17Fe82Si1,1
B7Fe78Si15,1
B16.5Fe82Sn1.5,1
B19Fe81Sn0,1
B10Fe83Ta7,1
B14Fe86Ta0,1
B10Fe20Ti70,1
B16Fe80.64Ti3.36,1
B16Fe83.2Ti0.8,1
B16Fe84Ti0,1
B20Fe75Ti5,1
B20Fe76Ti4,1
B19Fe81Ti0,1
B10Fe83Ti7,1
B11Fe82Ti7,1
B14Fe86Ti0,1
B20Fe75V5,1
B20Fe78V2,1
B12Fe78V10,1
B12Fe83V5,1
B14Fe71V15,1
B14Fe76V10,1
B14Fe81V5,1
B16Fe69V15,1
B16Fe74V10,1
B16Fe79V5,1
B10Fe80V10,0
B10Fe85V5,0
B4Fe86V10,0
B4Fe91V5,0
B6Fe84V10,0
B6Fe89V5,0
B8Fe82V10,0
B8Fe87V5,0
B10Fe75V15,0
B12Fe73V15,0
B19Fe81V0,1
B21Fe75V4,1
B14Fe79V7,1
B14Fe86V0,1
B9Fe6W85,1
B9Fe91W0,1
B17Fe80.5W2.5,1
B25Fe5W70,1
B25Fe75W0,1
B20Fe72W8,1
B20Fe73.5W6.5,1
B20Fe76W4,1
B20Fe77.5W2.5,1
B20Fe79W1,1
B12Fe81W7,1
B14Fe79W7,1
B14Fe86W0,1
B0Fe88Zr12,1
B0Fe89Zr11,1
B0Fe90Zr10,1
B0Fe91Zr9,1
B2Fe85Zr13,1
B2Fe88Zr10,1
B3Fe85Zr12,1
B4Fe86Zr10,1
B4Fe88Zr8,1
B5Fe80Zr15,1
B5Fe83Zr12,1
B5Fe85Zr10,1
B7Fe85Zr8,1
B8Fe80Zr12,1
B8Fe82Zr10,1
B8Fe85Zr7,1
B9Fe86Zr5,1
B10Fe75Zr15,1
B10Fe78Zr12,1
B10Fe80Zr10,1
B10Fe82Zr8,1
B10Fe85Zr5,1
B10Fe87Zr3,1
B12Fe78Zr10,1
B12Fe80Zr8,1
B12Fe88Zr0,1
B13Fe72Zr15,1
B13Fe75Zr12,1
B13Fe82Zr5,1
B14Fe78Zr8,1
B14Fe80Zr6,1
B15Fe75Zr10,1
B15Fe78Zr7,1
B15Fe80Zr5,1
B15Fe82Zr3,1
B15Fe83Zr2,1
B16Fe78Zr6,1
B16Fe80Zr4,1
B17Fe75Zr8,1
B17Fe78Zr5,1
B17Fe80Zr3,1
B18Fe80Zr2,1
B19Fe78Zr3,1
B20Fe70Zr10,1
B20Fe72Zr8,1
B20Fe75Zr5,1
B20Fe80Zr0,1
B22Fe68Zr10,1
B22Fe70Zr8,1
B22Fe73Zr5,1
B22Fe75Zr3,1
B22Fe78Zr0,1
B25Fe70Zr5,1
B3Fe82Zr15,0
B7Fe88Zr5,0
B10Fe88Zr2,0
B0Fe87Zr13,0
B0Fe92Zr8,0
B5Fe90Zr5,0
B8Fe90Zr2,0
B0Fe92Zr8,1
B1Fe90Zr9,1
B1Fe92Zr7,1
B1.5Fe92Zr6.5,1
B2Fe90Zr8,1
B2.5Fe92Zr5.5,1
B3Fe90Zr7,1
B3.5Fe92Zr4.5,1
B4Fe90Zr6,1
B0Fe24Zr76,1
B0Fe30Zr70,1
B4Fe23Zr73,1
B6Fe22.6Zr71.4,1
B8Fe22Zr70,1
B12Fe21Zr67,1
B17Fe20Zr63,1
B20Fe19Zr61,1
B25Fe18Zr57,1
B30Fe16.8Zr53.2,1
B6Fe84Zr10,1
B11Fe84Zr5,1
B15Fe79Zr6,1
B2Fe91Zr7,1
B4Fe89Zr7,1
B6Fe87Zr7,1
B12Fe81Zr7,1
B14Fe86Zr0,1
B16Fe77Zr7,1
B17Mo12.5Ni70.5,1
B17Mo14.5Ni68.5,1
B17Mo16.5Ni66.5,1
B10Mo80P10,1
B20Mo24Rh56,1
B10Mo70Si20,1
B7.5Mo70Si22.5,1
B10Mo75Si15,1
B12Mo71Si17,1
B12Mo78Si10,1
B15Mo70Si15,1
B15Mo75Si10,1
B17Mo73Si10,1
B17Mo75Si8,1
B17.5Mo70Si12.5,1
B20Mo67.5Si12.5,1
B20Mo70Si10,1
B20Mo72.5Si7.5,1
B20Mo75Si5,1
B22Mo68Si10,1
B22Mo70Si8,1
B25Mo65Si10,1
B20Mo65Si15,0
B5Mo70Si25,0
B5Mo75Si20,0
B5Mo80Si15,0
B5Mo85Si10,0
B5Mo90Si5,0
B10Mo65Si25,0
B10Mo80Si10,0
B10Mo85Si5,0
B10Mo90Si0,0
B15Mo65Si20,0
B15Mo80Si5,0
B15Mo85Si0,0
B20Mo60Si20,0
B20Mo77.5Si2.5,0
B20Mo80Si0,0
B25Mo60Si15,0
B25Mo70Si5,0
B25Mo75Si0,0
B30Mo60Si10,0
B30Mo70Si0,0
B17Nb5Ni78,1
B17Nb8Ni75,1
B17Nb10Ni73,1
B17Nb11.5Ni71.5,1
B17Nb16.5Ni66.5,1
B5Ni80P15,1
B10Ni80P10,1
B0Ni81.5P18.5,1
B1.8Ni81.5P16.7,1
B5.5Ni81.5P13,1
B11.1Ni81.5P7.4,1
B14.8Ni81.5P3.7,1
B16.7Ni81.5P1.8,1
B18.5Ni81.5P0,1
B6Ni80P14,1
B10Ni76P14,1
B12Ni74P14,1
B15Ni71P14,1
B2Ni81.5P16.5,1
B12Ni81.5P6.5,1
B15Ni81.5P3.5,1
B17Ni81.5P1.5,1
B18Ni80P2,1
B10Ni76Si14,1
B12Ni72Si16,1
B13Ni72Si15,1
B14Ni70Si16,1
B14Ni76Si10,1
B16Ni72Si12,1
B17Ni69Si14,1
B17Ni75Si8,1
B20Ni72Si8,1
B24Ni66Si10,1
B24Ni68Si8,1
B24Ni72Si4,1
B28Ni66Si6,1
B28Ni68Si4,1
B28Ni69Si3,1
B12Ni78Si10,0
B14Ni80Si6,0
B16Ni80Si4,0
B20Ni76Si4,0
B12Ni78Si10,1
B18Ni76Si6,1
B20Ni68Si12,1
B20Ni76Si4,1
B22Ni72Si6,1
B12Ni72Si16,0
B14Ni70Si16,0
B28Ni64Si8,0
B28Ni69Si3,0
B6Ni76Si18,0
B7.5Ni76.5Si16,0
B8Ni80Si12,0
B10Ni72Si18,0
B10Ni80Si10,0
B12Ni80Si8,0
B12Ni84Si4,0
B13Ni69Si18,0
B16Ni68Si16,0
B16Ni84Si0,0
B19Ni67Si14,0
B20Ni65Si15,0
B20Ni77.5Si2.5,0
B20Ni80Si0,0
B22Ni75.5Si2.5,0
B24Ni64Si12,0
B24Ni76Si0,0
B25Ni72.5Si2.5,0
B28Ni60Si12,0
B28Ni72Si0,0
B30Ni66Si4,0
B30Ni70Si0,0
B10Ni80Si10,1
B12Ni76Si12,1
B14Ni78Si8,1
B10Ni75Si15,1
B11Ni78Si11,1
B12.5Ni75Si12.5,1
B14Ni72Si14,1
B15Ni75Si10,1
B17Ni68Si15,1
B17.5Ni75Si7.5,1
B20Ni75Si5,1
B21Ni72Si7,1
B22.5Ni70Si7.5,1
B25.5Ni66Si8.5,1
B17Ni76Si7,1
B17Ni80Si3,1
B20Ni65Si15,1
B21Ni67Si12,1
B26Ni72Si2,1
B27Ni70Si3,1
B17Ni73Si10,1
B17Ni70Ta13,1
B17Ni71Ta12,1
B17Ni73Ta10,1
B8Ni30Ti62,1
B10Ni20Ti70,1
B18.2Ni78Ti3.8,1
B19.1Ni78.8Ti2.1,1
B17Ni66.5W16.5,1
B17Ni68.5W14.5,1
B17Ni70.5W12.5,1
B17Ni75W8,1
B17Ni73Zr10,1
B17Ni78Zr5,1
B0Ni67Zr33,1
B10Ni30Zr60,1
B16Ni28Zr56,1
B0Ni40Zr60,1
B2Ni38Zr60,1
B4Ni36Zr60,1
B6Ni34Zr60,1
B8Ni32Zr60,1
B16Ni24Zr60,1
B4Pd80Si16,1
B10Si20W70,1
Ba0Cu27La73,1
Ba0Cu37.5La62.5,1
Ba1Cu38La61,1
Ba2Cu27La71,1
Ba2Cu39La59,1
Ba3Cu40La57,1
Ba3Cu41La56,1
Ba4Cu27La69,1
Ba4Cu42La54,1
Ba4.5Cu27.5La68,1
Ba5Cu42La53,1
Ba7Cu28La65,1
Ba7Cu41.5La51.5,1
Ba7.5Cu29La63.5,1
Ba8Cu30La62,1
Ba8Cu40La52,1
Ba9Cu31La60,1
Ba9Cu39La52,1
Ba9.5Cu38La52.5,1
Ba10Cu32La58,1
Ba10Cu33.5La56.5,1
Ba10Cu35La55,1
Ba10Cu36.5La53.5,1
Ba67Cu5La28,1
Be43Hf5Zr52,1
Be43Hf25Zr32,1
Be43Hf54Zr3,1
Be30Nb0Zr70,1
Be30Nb5Zr65,1
Be32.5Nb2.5Zr65,1
Be32.5Nb5Zr62.5,1
Be35Nb0Zr65,1
Be35Nb2.5Zr62.5,1
Be35Nb5Zr60,1
Be35Nb10Zr55,1
Be40Nb0Zr60,1
Be45Nb0Zr55,1
Be50Nb0Zr50,1
Be20Nb10Zr70,0
Be20Nb15Zr65,0
Be20Nb20Zr60,0
Be25Nb10Zr65,0
Be25Nb15Zr60,0
Be32.5Nb0Zr67.5,1
Be32.5Nb4Zr63.5,1
Be0Si20Ti80,1
Be20Si10Ti70,1
Be25Si5Ti70,1
Be30Si5Ti65,1
Be35Si5Ti60,1
Be37Si0Ti63,1
Be38Si0Ti62,1
Be39Si0Ti61,1
Be40Si0Ti60,1
Be0Si15Ti85,0
Be0Si25Ti75,0
Be15Si10Ti75,0
Be15Si15Ti70,0
Be20Si5Ti75,0
Be20Si15Ti65,0
Be25Si10Ti65,0
Be30Si0Ti70,0
Be30Si10Ti60,0
Be35Si0Ti65,0
Be35Si10Ti55,0
Be40Si5Ti55,0
Be43Si0Ti57,0
Be45Si0Ti55,0
Be45Si5Ti50,0
Be10Si15Ti75,0
Be25Si15Ti60,0
Be30Si15Ti55,0
Be35Si15Ti50,0
Be40Si10Ti50,0
Be40Ti50Zr10,1
Be30Ti0Zr70,1
Be35Ti0Zr65,1
Be37.5Ti62.5Zr0,1
Be40Ti0Zr60,1
Be40Ti60Zr0,1
Be41Ti59Zr0,1
Be45Ti0Zr55,1
Be50Ti0Zr50,1
Be20Ti0Zr80,0
Be20Ti80Zr0,0
Be30Ti70Zr0,0
Be42Ti58Zr0,0
Be50Ti50Zr0,0
Be2.5Ti0Zr97.5,0
Be7.5Ti0Zr92.5,0
Be10Ti0Zr90,0
Be10Ti90Zr0,0
Be40Ti30Zr30,1
C16Co36Cr48,1
C18Co34Cr48,1
C18Co38Cr44,1
C18Co42Cr40,1
C18Co44Cr38,1
C18Co48Cr34,1
C18Co52Cr30,1
C18Co56Cr26,1
C20Co36Cr44,1
C20Co40Cr40,1
C20Co44Cr36,1
C20Co48Cr32,1
C20Co52Cr28,1
C22Co36Cr42,1
C22Co40Cr38,1
C22Co44Cr34,1
C16Co44Cr40,0
C16Co48Cr36,0
C22Co48Cr30,0
C14Co40Cr46,0
C16Co52Cr32,0
C16Co56Cr28,0
C16Co60Cr24,0
C18Co60Cr22,0
C20Co56Cr24,0
C22Co52Cr26,0
C16Co48Mo36,1
C16Co56Mo28,1
C16Co60Mo24,1
C16Co64Mo20,1
C16Co68Mo16,1
C16Co72Mo12,1
C18Co46Mo36,1
C18Co50Mo32,1
C18Co54Mo28,1
C18Co58Mo24,1
C18Co62Mo20,1
C18Co66Mo16,1
C18Co70Mo12,1
C18Co72Mo10,1
C20Co44Mo36,1
C20Co48Mo32,1
C20Co52Mo28,1
C20Co56Mo24,1
C20Co60Mo20,1
C20Co64Mo16,1
C20Co68Mo12,1
C20Co70Mo10,1
C22Co46Mo32,1
C22Co50Mo28,1
C22Co54Mo24,1
C22Co58Mo20,1
C22Co62Mo16,1
C22Co68Mo10,1
C14Co62Mo24,0
C16Co74Mo10,0
C14Co46Mo40,0
C14Co50Mo36,0
C14Co70Mo16,0
C14Co74Mo12,0
C14Co76Mo10,0
C18Co42Mo40,0
C18Co74Mo8,0
C10Co67.5Si22.5,1
C12.5Co65Si22.5,1
C12.5Co67.5Si20,1
C15Co67.5Si17.5,1
C17.5Co67.5Si15,1
C10Co67.5Si22.5,0
C10Co75Si15,0
C20Co70Si10,0
C0Co70Si30,0
C0Co75Si25,0
C0Co80Si20,0
C0Co85Si15,0
C0Co90Si10,0
C0Co95Si5,0
C0Co100Si0,0
C5Co70Si25,0
C5Co75Si20,0
C5Co80Si15,0
C10Co85Si5,0
C10Co90Si0,0
C15Co75Si10,0
C15Co80Si5,0
C15Co85Si0,0
C20Co75Si5,0
C20Co80Si0,0
C14Co72W14,1
C16Co70W14,1
C16Co72W12,1
C18Co70W12,1
C14Co66W20,0
C14Co70W16,0
C16Co64W20,0
C16Co68W16,0
C16Co74W10,0
C18Co62W20,0
C18Co66W16,0
C18Co68W14,0
C12Co68W20,0
C12Co74W14,0
C14Co76W10,0
C18Co58W24,0
C18Co72W10,0
C20Co68W12,0
C20Co70W10,0
C12.5Co72.5W15,1
C14Co70W16,1
C15Co70W15,1
C12.5Co67.5W20,0
C12.5Co70W17.5,0
C12.5Co72.5W15,0
C12.5Co75W12.5,0
C12.5Co77.5W10,0
C15Co65W20,0
C15Co67.5W17.5,0
C15Co75W10,0
C17.5Co65W17.5,0
C20Co60W20,0
C2.5Co95W2.5,0
C5Co80W15,0
C5Co85W10,0
C5Co90W5,0
C7.5Co77.5W15,0
C7.5Co82.5W10,0
C7.5Co85W7.5,0
C10Co70W20,0
C10Co75W15,0
C10Co80W10,0
C10Co82.5W7.5,0
C10Co87.5W2.5,0
C12.5Co80W7.5,0
C12.5Co85W2.5,0
C15Co77.5W7.5,0
C15Co80W5,0
C18Co74.5W7.5,0
C18Co77W5,0
C20Co65W15,0
C20Co75W5,0
C18Cr26Fe56,1
C18Cr28Fe54,1
C18Cr32Fe50,1
C18Cr36Fe46,1
C18Cr40Fe42,1
C18Cr30Fe52,1
C20Cr22Fe58,0
C5Cr5Fe90,0
C8Cr20Fe72,0
C8Cr40Fe52,0
C10Cr15Fe75,0
C13Cr40Fe47,0
C14Cr28Fe58,0
C14Cr40Fe46,0
C15Cr10Fe75,0
C18Fe66Mo16,1
C18Fe70Mo12,1
C18Fe62Mo20,1
C18Fe74Mo8,1
C6Fe76Mo18,1
C8Fe75Mo17,1
C12Fe71Mo17,1
C16Fe67Mo17,1
C20Fe63Mo17,1
C24Fe59Mo17,1
C2.5Fe82.5P15,1
C3.5Fe81.5P15,1
C4.5Fe80.5P15,1
C6.5Fe77.5P16,1
C6.5Fe78.5P15,1
C6.5Fe80.5P13,1
C6.5Fe82P11.5,1
C9Fe76P15,1
C10Fe75P15,1
C7Fe80P13,1
C8Fe77P15,1
C2.5Fe80P17.5,1
C5Fe75P20,1
C5Fe77.5P17.5,1
C5Fe80P15,1
C7.5Fe72.5P20,1
C7.5Fe75P17.5,1
C7.5Fe77.5P15,1
C7.5Fe80P12.5,1
C10Fe72.5P17.5,1
C10Fe77.5P12.5,1
C10Fe80P10,1
C12.5Fe72.5P15,1
C12.5Fe75P12.5,1
C12.5Fe77.5P10,1
C12.5Fe80P7.5,1
C15Fe72.5P12.5,1
C15Fe75P10,1
C15Fe77.5P7.5,1
C17.5Fe72.5P10,1
C17.5Fe75P7.5,1
C5Fe82.5P12.5,0
C7.5Fe82.5P10,0
C10Fe82.5P7.5,0
C15Fe80P5,0
C17.5Fe77.5P5,0
C2.5Fe85P12.5,0
C5Fe85P10,0
C7.5Fe85P7.5,0
C10Fe65Si25,1
C10Fe70Si20,1
C12.5Fe65Si22.5,1
C12.5Fe70Si17.5,1
C15Fe65Si20,1
C15Fe70Si15,1
C17.5Fe65Si17.5,1
C17.5Fe70Si12.5,1
C20Fe65Si15,1
C20Fe70Si10,1
C22.5Fe65Si12.5,1
C25Fe65Si10,1
C20Fe66W14,1
C20Fe68W12,1
C22Fe64W14,1
C22Fe66W12,1
C22Fe68W10,1
C5Fe79W16,0
C6Fe82W12,0
C6Fe86W8,0
C6Fe90W4,0
C7Fe79W14,0
C10Fe74W16,0
C10Fe78W12,0
C10Fe82W8,0
C10Fe86W4,0
C14Fe66W20,0
C14Fe70W16,0
C14Fe74W12,0
C14Fe78W8,0
C14Fe82W4,0
C16Fe80W4,0
C17Fe73W10,0
C18Fe62W20,0
C18Fe66W16,0
C18Fe68W14,0
C18Fe70W12,0
C18Fe74W8,0
C18Fe78W4,0
C20Fe64W16,0
C20Fe70W10,0
C20Fe72W8,0
C20Fe76W4,0
C22Fe62W16,0
C22Fe70W8,0
C22Fe74W4,0
C10Mo20Ni70,1
C12Mo20Ni68,1
C12Mo24Ni64,1
C14Mo20Ni66,1
C14Mo24Ni62,1
C16Mo20Ni64,1
C16Mo24Ni60,1
C10Mo24Ni66,0
C12Mo16Ni72,0
C12Mo28Ni60,0
C14Mo28Ni58,0
C16Mo16Ni68,0
C18Mo24Ni58,0
C18Mo28Ni54,0
C8Mo20Ni72,0
C8Mo28Ni64,0
C10Mo32Ni58,0
C12Mo12Ni76,0
C18Mo12Ni70,0
C18Mo16Ni66,0
C18Mo20Ni62,0
C0Nb80Si20,1
C1Nb80Si19,1
C2Nb80Si18,1
C4Nb80Si16,1
C6Nb80Si14,1
C8Nb80Si12,1
C12.5Ni65Si22.5,1
C12.5Ni67.5Si20,1
C15Ni67.5Si17.5,1
C17.5Ni67.5Si15,1
C0Ni80Si20,0
C0Ni85Si15,0
C0Ni90Si10,0
C0Ni95Si5,0
C0Ni1Si0,0
C5Ni70Si25,0
C5Ni75Si20,0
C5Ni80Si15,0
C5Ni85Si10,0
C5Ni90Si5,0
C5Ni95Si0,0
C10Ni65Si25,0
C10Ni67.5Si22.5,0
C10Ni70Si20,0
C10Ni75Si15,0
C10Ni80Si10,0
C10Ni85Si5,0
C10Ni90Si0,0
C12.5Ni67.5Si20,0
C15Ni67.5Si17.5,0
C15Ni70Si15,0
C15Ni75Si10,0
C15Ni80Si5,0
C15Ni85Si0,0
C20Ni70Si10,0
C20Ni75Si5,0
C20Ni80Si0,0
C0Si13Zr87,0
C0Si15Zr85,0
C0Si17Zr83,0
C3Si12Zr85,0
Ca0Cu27La73,1
Ca0Cu37La63,1
Ca1Cu27.5La71.5,1
Ca1Cu37.5La61.5,1
Ca1.5Cu27.5La71,1
Ca2Cu28La70,1
Ca2Cu37.5La60.5,1
Ca3Cu28.5La68.5,1
Ca3Cu37.5La59.5,1
Ca4Cu29La67,1
Ca4Cu37.5La58.5,1
Ca5Cu30La65,1
Ca5Cu37.5La57.5,1
Ca6Cu31La63,1
Ca6.5Cu37La56.5,1
Ca7Cu32La61,1
Ca7.5Cu36La56.5,1
Ca8Cu32.5La59.5,1
Ca8.5Cu33La58.5,1
Ca8.5Cu35La56.5,1
Ca9Cu33.5La57.5,1
Ca25Cu30Mg45,1
Ca50Cu20Mg30,1
Ca70Cu0Mg30,1
Ca70Cu10Mg20,1
Ca70Cu20Mg10,1
Ca70Cu30Mg0,1
Ca75Cu10Mg15,1
Ca7.5Cu5Mg87.5,1
Ca7.5Cu10Mg82.5,1
Ca5Cu10Mg85,0
Ca11Cu0Mg89,0
Ca5Cu5Mg90,0
Ca7.5Cu0Mg92.5,0
Ca60Ga0Mg40,1
Ca60Ga5Mg35,1
Ca60Ga10Mg30,1
Ca60Ga20Mg20,1
Ca60Ga30Mg10,1
Ca10Mg80Zn10,1
Ca10Mg85Zn5,1
Ca5Mg85Zn10,0
Ca7.5Mg82.5Zn10,0
Ca7.5Mg87.5Zn5,0
Ca10Mg90Zn0,0
Ca5Mg90Zn5,0
Ca7.5Mg92.5Zn0,0
Ce0Cu20Mg80,1
Ce0Cu30Mg70,1
Ce0Cu40Mg60,1
Ce5Cu10Mg85,1
Ce5Cu15Mg80,1
Ce5Cu20Mg75,1
Ce5Cu25Mg70,1
Ce5Cu30Mg65,1
Ce10Cu10Mg80,1
Ce10Cu15Mg75,1
Ce10Cu20Mg70,1
Ce10Cu25Mg65,1
Ce15Cu15Mg70,1
Ce15Cu20Mg65,1
Ce0Cu15Mg85,0
Ce15Cu25Mg60,0
Ce20Cu20Mg60,0
Ce0Cu10Mg90,0
Ce5Cu5Mg90,0
Ce10Cu5Mg85,0
Ce15Cu5Mg80,0
Ce15Cu10Mg75,0
Ce20Cu5Mg75,0
Ce20Cu10Mg70,0
Ce20Cu15Mg65,0
Ce20Cu25Mg55,0
Ce25Cu25Mg50,0
Ce5Mg75Ni20,1
Ce5Mg85Ni10,1
Ce10Mg60Ni30,1
Ce10Mg70Ni20,1
Ce10Mg72Ni18,1
Ce10Mg75Ni15,1
Ce10Mg80Ni10,1
Ce10Mg85Ni5,1
Ce15Mg75Ni10,1
Ce20Mg50Ni30,1
Ce20Mg60Ni20,1
Ce0Mg80Ni20,1
Ce0Mg85Ni15,1
Ce0Mg90Ni10,1
Ce5Mg90Ni5,0
Ce20Mg40Ni40,0
Ce20Mg70Ni10,0
Ce30Mg40Ni30,0
Ce0Mg70Ni30,0
Ce10Mg90Ni0,0
Ce3Mg85Zn12,1
Co70Cr10P20,1
Co66Cr18Zr16,1
Co67.5Cr16Zr16.5,1
Co69Cr14Zr17,1
Co71Cr12Zr17,1
Co72.5Cr10Zr17.5,1
Co72.8Cr20Zr7.2,1
Co74.5Cr8Zr17.5,1
Co75Cr18Zr7,1
Co76.5Cr6Zr17.5,1
Co77.5Cr16Zr6.5,1
Co78.5Cr4Zr17.5,1
Co80Cr14Zr6,1
Co81Cr2Zr17,1
Co82Cr12Zr6,1
Co84Cr0Zr16,1
Co84Cr10Zr6,1
Co85.5Cr8Zr6.5,1
Co87.2Cr6Zr6.8,1
Co88.5Cr4Zr7.5,1
Co89.7Cr2Zr8.3,1
Co91Cr0Zr9,1
Co60Cr30Zr10,1
Co65Cr25Zr10,1
Co70Cr20Zr10,1
Co75Cr15Zr10,1
Co80Cr10Zr10,1
Co85Cr5Zr10,1
Co90Cr0Zr10,1
Co75.4Cr12.6Zr12,1
Co77Cr11.6Zr11.4,1
Co78Cr11.2Zr10.8,1
Co79Cr10.6Zr10.4,1
Co81.2Cr9.6Zr9.2,1
Co83.4Cr8.3Zr8.3,1
Co72.9Cr17.1Zr10,1
Co0Fe90Zr10,1
Co10Fe80Zr10,1
Co18Fe72Zr10,1
Co30Fe60Zr10,1
Co45Fe45Zr10,1
Co60Fe30Zr10,1
Co72Fe18Zr10,1
Co9Fe81Zr10,1
Co27Fe63Zr10,1
Co36Fe54Zr10,1
Co54Fe36Zr10,1
Co90Fe0Zr10,1
Co4Fe86Zr10,1
Co20Fe70Zr10,1
Co40Fe50Zr10,1
Co50Fe40Zr10,1
Co70Fe20Zr10,1
Co80Fe10Zr10,1
Co85Fe5Zr10,1
Co0Fe30Zr70,1
Co0Fe91Zr9,1
Co30Fe0Zr70,1
Co55Fe0Zr45,1
Co85Fe0Zr15,1
Co22.5Fe67.5Zr10,1
Co67.5Fe22.5Zr10,1
Co70.6Gd14Mo15.4,1
Co72.8Gd19.4Mo7.8,1
Co73Gd12.9Mo14.1,1
Co75.6Gd8.4Mo16,1
Co30Hf67P3,1
Co33Hf67P0,1
Co24Hf67Si9,1
Co33Hf67Si0,1
Co0Mn90Zr10,1
Co2Mn88Zr10,1
Co5Mn85Zr10,1
Co10Mn80Zr10,1
Co65.5Mo20Zr14.5,1
Co67Mo18Zr15,1
Co68.6Mo16Zr15.4,1
Co70.3Mo14Zr15.7,1
Co72Mo12Zr16,1
Co74Mo10Zr16,1
Co74.8Mo20Zr5.2,1
Co75.7Mo8Zr16.3,1
Co77Mo18Zr5,1
Co77.5Mo6Zr16.5,1
Co79Mo16Zr5,1
Co79.7Mo4Zr16.3,1
Co81Mo14Zr5,1
Co82Mo2Zr16,1
Co83Mo12Zr5,1
Co84Mo0Zr16,1
Co84.8Mo10Zr5.2,1
Co86.5Mo8Zr5.5,1
Co88Mo6Zr6,1
Co89Mo4Zr7,1
Co90Mo2Zr8,1
Co91Mo0Zr9,1
Co80Mo9.5Zr10.5,1
Co74.5Mo13Zr12.5,1
Co78Mo10.8Zr11.2,1
Co79.5Mo10Zr10.5,1
Co80Mo10Zr10,1
Co81.6Mo9Zr9.4,1
Co82.4Mo8.6Zr9,1
Co85Mo5Zr10,1
Co86.2Mo6.4Zr7.4,1
Co90Mo0Zr10,1
Co2Ni77P21,1
Co2Ni78.5P19.5,1
Co2Ni80P18,1
Co3.5Ni75.5P21,1
Co3.5Ni77P19.5,1
Co3.5Ni78.5P18,1
Co5Ni74P21,1
Co5Ni75.5P19.5,1
Co5Ni77P18,1
Co7Ni72P21,1
Co7Ni73.5P19.5,1
Co7Ni75P18,1
Co9Ni72P19,1
Co2Ni76P22,0
Co2Ni81P17,0
Co3.5Ni74.5P22,0
Co3.5Ni79.5P17,0
Co5Ni73P22,0
Co5Ni78P17,0
Co7Ni71P22,0
Co7Ni76P17,0
Co9Ni69.5P21.5,0
Co9Ni74P17,0
Co10Ni68.5P21.5,0
Co10Ni71P19,0
Co10Ni73P17,0
Co12.5Ni66P21.5,0
Co12.5Ni68.5P19,0
Co12.5Ni70.5P17,0
Co14Ni64.5P21.5,0
Co14Ni67P19,0
Co14Ni69P17,0
Co16Ni65P19,0
Co0Ni50Ta50,1
Co10Ni40Ta50,1
Co80Ni10Zr10,1
Co85Ni5Zr10,1
Co88Ni2Zr10,1
Co90Ni0Zr10,1
Co30Ni20Zr50,1
Co0Ni33Zr67,1
Co33Ni0.05Zr66.95,1
Co33Ni0.1Zr66.9,1
Co33Ni0.15Zr66.85,1
Co33Ni0.2Zr66.8,1
Co15Ni28.05Zr56.95,1
Co5Ni31.35Zr63.65,1
Co10Ni29.7Zr60.3,1
Co20Ni26.4Zr53.6,1
Co22P11Zr67,1
Co28P5Zr67,1
Co33P0Zr67,1
Co1.7Pd81.8Si16.5,1
Co4.2Pd79.3Si16.5,1
Co6.7Pd76.8Si16.5,1
Co10Pd73.5Si16.5,1
Co12.5Pd71Si16.5,1
Co15Pd68.5Si16.5,1
Co20.9Pd62.6Si16.5,0
Co10Pd70Si20,1
Co25Pd10Zr65,1
Co30Pd5Zr65,1
Co34Pd1Zr65,1
Co54Pd1Zr45,1
Co85Si5Zr10,1
Co88Si2Zr10,1
Co90Si0Zr10,1
Co66V20Zr14,1
Co67.5V18Zr14.5,1
Co69.2V16Zr14.8,1
Co71V14Zr15,1
Co72.5V20Zr7.5,1
Co72.8V12Zr15.2,1
Co74.5V10Zr15.5,1
Co75V18Zr7,1
Co76.3V8Zr15.7,1
Co77.2V16Zr6.8,1
Co78V6Zr16,1
Co79.5V14Zr6.5,1
Co80V4Zr16,1
Co81.5V12Zr6.5,1
Co82V2Zr16,1
Co83.5V10Zr6.5,1
Co84V0Zr16,1
Co85V8Zr7,1
Co86.5V6Zr7.5,1
Co88V4Zr8,1
Co89.5V2Zr8.5,1
Co91V0Zr9,1
Co75.8V12Zr12.2,1
Co79.2V10.6Zr10.2,1
Co80V10Zr10,1
Co81.8V9Zr9.2,1
Co84V8Zr8,1
Co85V5Zr10,1
Co90V0Zr10,1
Co74W12Zr14,1
Co74W13Zr13,1
Co74.5W14Zr11.5,1
Co75W10Zr15,1
Co76.4W8Zr15.6,1
Co77W14Zr9,1
Co78.2W6Zr15.8,1
Co79.5W13Zr7.5,1
Co80W4Zr16,1
Co82W2Zr16,1
Co82W12Zr6,1
Co84W0Zr16,1
Co84.8W10Zr5.2,1
Co86.8W8Zr5.2,1
Co88.5W6Zr5.5,1
Co89.8W4Zr6.2,1
Co90.2W2Zr7.8,1
Co91W0Zr9,1
Co78W8Zr14,1
Co80W10Zr10,1
Co80.5W7Zr12.5,1
Co82.2W6.6Zr11.2,1
Co84W6Zr10,1
Co85W5Zr10,1
Co85.5W5Zr9.5,1
Co90W0Zr10,1
Cr0Fe80P20,1
Cr2Fe78P20,1
Cr4Fe76P20,1
Cr6Fe74P20,1
Cr8Fe72P20,1
Cr7Fe76P17,1
Cr73Fe10P17,1
Cr74Fe9P17,1
Cr23Fe55P22,1
Cr24Fe56.5P19.5,1
Cr25Fe57.5P17.5,1
Cr26Fe59.5P14.5,1
Cr26Fe60.5P13.5,1
Cr0Fe90Zr10,1
Cr4Fe86Zr10,1
Cr6Fe84Zr10,1
Cr8Fe82Zr10,1
Cr10Fe80Zr10,1
Cr15Fe75Zr10,1
Cr17Fe73Zr10,1
Cr20Fe70Zr10,1
Cr25Fe65Zr10,1
Cr2Fe88Zr10,1
Cr7Fe83Zr10,1
Cr0Ni80P20,1
Cr3Ni77P20,1
Cr5Ni75P20,1
Cr10Ni70P20,1
Cr20Ni60P20,1
Cr15Ni65P20,1
Cr0Ni82P18,1
Cr7Ni73P20,1
Cr18Ni62P20,1
Cr0Ni81P19,1
Cr43.5Ni40.5P16,1
Cr55.93Ni28.93P15.14,1
Cr58Ni27P15,1
Cr59.81Ni25.31P14.88,1
Cr69.6Ni16.2P14.2,0
Cr72.5Ni13.5P14,0
Cr87Ni0P13,0
Cr5Ni76P19,1
Cr10Ni71P19,1
Cr15Ni66P19,1
Cr20Ni61P19,1
Cr25Ni56P19,1
Cr30Ni51P19,1
Cr14Ni68P18,1
Cr40Ni40P20,1
Cr50Ni30P20,1
Cr60Ni20P20,1
Cr80Ni0P20,0
Cr70Ni10P20,0
Cr0Ni33Zr67,1
Cr33Ni0.05Zr66.95,1
Cr33Ni0.1Zr66.9,1
Cr33Ni0.15Zr66.85,1
Cr33Ni0.2Zr66.8,1
Cr15Ni28.05Zr56.95,1
Cr5Ni31.35Zr63.65,1
Cr10Ni29.7Zr60.3,1
Cr20Ni26.4Zr53.6,1
Cr0Ni60Zr40,1
Cr5Ni55Zr40,1
Cr10Ni50Zr40,1
Cr15Ni15Zr70,1
Cr15Ni25Zr60,1
Cr15Ni35Zr50,1
Cr15Ni45Zr40,1
Cr0Pd80Si20,1
Cr0.5Pd79.5Si20,1
Cr1Pd79Si20,1
Cr2Pd78Si20,1
Cr3Pd77Si20,1
Cr4Pd76Si20,1
Cr5Pd75Si20,1
Cr6Pd74Si20,1
Cr7Pd73Si20,1
Cr0Si15Zr85,1
Cr10Si15Zr75,1
Cr20Si15Zr65,1
Cu35Fe5Ti60,1
Cu40Fe10Ti50,1
Cu45Fe5Ti50,1
Cu55Fe5Ti40,1
Cu40Fe20Zr40,1
Cu50Fe10Zr40,1
Cu53Fe7Zr40,1
Cu55Fe5Zr40,1
Cu57Fe3Zr40,1
Cu59Fe1Zr40,1
Cu60Fe0Zr40,1
Cu38.2Hf28.8Nb33,1
Cu39.9Hf30.1Nb30,1
Cu42.7Hf32.3Nb25,1
Cu45.6Hf34.4Nb20,1
Cu48.4Hf36.6Nb15,1
Cu51.3Hf38.7Nb10,1
Cu54.1Hf40.9Nb5,1
Cu56.4Hf42.6Nb1,1
Cu57Hf21Nb22,1
Cu57Hf23Nb20,1
Cu57Hf28Nb15,1
Cu57Hf33Nb10,1
Cu57Hf38Nb5,1
Cu57Hf42Nb1,1
Cu0Hf30Ni70,1
Cu0Hf40Ni60,1
Cu0Hf50Ni50,1
Cu0Hf60Ni40,1
Cu0Hf70Ni30,1
Cu10Hf20Ni70,1
Cu10Hf30Ni60,1
Cu10Hf40Ni50,1
Cu10Hf50Ni40,1
Cu10Hf60Ni30,1
Cu10Hf70Ni20,1
Cu10Hf75Ni15,1
Cu15Hf55Ni30,1
Cu20Hf20Ni60,1
Cu20Hf30Ni50,1
Cu20Hf40Ni40,1
Cu20Hf50Ni30,1
Cu20Hf55Ni25,1
Cu20Hf60Ni20,1
Cu20Hf65Ni15,1
Cu20Hf70Ni10,1
Cu25Hf50Ni25,1
Cu25Hf55Ni20,1
Cu30Hf20Ni50,1
Cu30Hf30Ni40,1
Cu30Hf40Ni30,1
Cu30Hf45Ni25,1
Cu30Hf50Ni20,1
Cu30Hf55Ni15,1
Cu30Hf60Ni10,1
Cu30Hf70Ni0,1
Cu35Hf45Ni20,1
Cu35Hf50Ni15,1
Cu40Hf20Ni40,1
Cu40Hf30Ni30,1
Cu40Hf40Ni20,1
Cu40Hf45Ni15,1
Cu40Hf50Ni10,1
Cu40Hf60Ni0,1
Cu50Hf20Ni30,1
Cu50Hf30Ni20,1
Cu50Hf40Ni10,1
Cu50Hf50Ni0,1
Cu60Hf20Ni20,1
Cu60Hf30Ni10,1
Cu60Hf40Ni0,1
Cu70Hf30Ni0,1
Cu70Hf20Ni10,0
Cu10Hf80Ni10,0
Cu20Hf10Ni70,0
Cu20Hf75Ni5,0
Cu30Hf10Ni60,0
Cu40Hf10Ni50,0
Cu50Hf10Ni40,0
Cu60Hf10Ni30,0
Cu70Hf10Ni20,0
Cu15La5Mg80,1
Cu15La40Mg45,1
Cu20La0Mg80,1
Cu20La5Mg75,1
Cu20La10Mg70,1
Cu20La30Mg50,1
Cu20La40Mg40,1
Cu25La20Mg55,1
Cu25La30Mg45,1
Cu25La40Mg35,1
Cu30La0Mg70,1
Cu30La5Mg65,1
Cu30La10Mg60,1
Cu30La20Mg50,1
Cu30La30Mg40,1
Cu30La40Mg30,1
Cu40La0Mg60,1
Cu40La5Mg55,1
Cu40La10Mg50,1
Cu40La20Mg40,1
Cu40La30Mg30,1
Cu50La10Mg40,1
Cu50La20Mg30,1
Cu10La40Mg50,0
Cu15La0Mg85,0
Cu15La10Mg75,0
Cu15La15Mg70,0
Cu15La30Mg55,0
Cu20La25Mg55,0
Cu20La50Mg30,0
Cu25La25Mg50,0
Cu30La50Mg20,0
Cu40La40Mg20,0
Cu50La30Mg20,0
Cu10La0Mg90,0
Cu10La10Mg80,0
Cu20La20Mg60,0
Cu50La0Mg50,0
Cu27La69Sr4,1
Cu27La70Sr3,1
Cu27La71Sr2,1
Cu27La73Sr0,1
Cu27.5La66Sr6.5,1
Cu27.5La67.5Sr5,1
Cu28La63.5Sr8.5,1
Cu28La64.5Sr7.5,1
Cu28.5La61.5Sr10,1
Cu28.5La62.5Sr9,1
Cu29La60Sr11,1
Cu30La57.5Sr12.5,1
Cu30La58Sr12,1
Cu30.5La56Sr13.5,1
Cu31La55Sr14,1
Cu32La53.5Sr14.5,1
Cu32.5La52.5Sr15,1
Cu33La51.5Sr15.5,1
Cu34La50Sr16,1
Cu35La48Sr17,1
Cu36La47Sr17,1
Cu37La47Sr16,1
Cu37La48Sr15,1
Cu37La49Sr14,1
Cu37La50.5Sr12.5,1
Cu37La52Sr11,1
Cu37La53Sr10,1
Cu37La54Sr9,1
Cu37La55Sr8,1
Cu37La56Sr7,1
Cu37La57Sr6,1
Cu37La58Sr5,1
Cu37La59Sr4,1
Cu37La59.5Sr3.5,1
Cu37La60.5Sr2.5,1
Cu37La61.5Sr1.5,1
Cu37La62Sr1,1
Cu37La63Sr0,1
Cu5Mg85Nd10,1
Cu10Mg70Nd20,1
Cu10Mg75Nd15,1
Cu10Mg80Nd10,1
Cu10Mg85Nd5,1
Cu15Mg65Nd20,1
Cu15Mg70Nd15,1
Cu15Mg75Nd10,1
Cu15Mg80Nd5,1
Cu20Mg45Nd35,1
Cu20Mg50Nd30,1
Cu20Mg55Nd25,1
Cu20Mg60Nd20,1
Cu20Mg65Nd15,1
Cu20Mg70Nd10,1
Cu20Mg75Nd5,1
Cu20Mg80Nd0,1
Cu25Mg45Nd30,1
Cu25Mg50Nd25,1
Cu25Mg55Nd20,1
Cu25Mg60Nd15,1
Cu25Mg65Nd10,1
Cu25Mg70Nd5,1
Cu30Mg40Nd30,1
Cu30Mg45Nd25,1
Cu30Mg50Nd20,1
Cu30Mg55Nd15,1
Cu30Mg60Nd10,1
Cu30Mg65Nd5,1
Cu30Mg70Nd0,1
Cu35Mg30Nd35,1
Cu35Mg45Nd20,1
Cu35Mg50Nd15,1
Cu35Mg55Nd10,1
Cu40Mg30Nd30,1
Cu40Mg40Nd20,1
Cu40Mg50Nd10,1
Cu40Mg55Nd5,1
Cu40Mg60Nd0,1
Cu50Mg20Nd30,1
Cu50Mg30Nd20,1
Cu50Mg40Nd10,1
Cu60Mg10Nd30,1
Cu60Mg20Nd20,1
Cu0Mg92.5Nd7.5,0
Cu5Mg90Nd5,0
Cu10Mg90Nd0,0
Cu15Mg60Nd25,0
Cu20Mg40Nd40,0
Cu40Mg20Nd40,0
Cu60Mg30Nd10,0
Cu0Mg85Nd15,0
Cu0Mg90Nd10,0
Cu0Mg95Nd5,0
Cu0Mg97.5Nd2.5,0
Cu5Mg80Nd15,0
Cu10Mg65Nd25,0
Cu50Mg50Nd0,0
Cu60Mg0Nd40,0
Cu70Mg0Nd30,0
Cu70Mg10Nd20,0
Cu80Mg0Nd20,0
Cu5Mg85Y10,1
Cu10Mg65Y25,1
Cu10Mg70Y20,1
Cu10Mg80Y10,1
Cu10Mg85Y5,1
Cu15Mg70Y15,1
Cu15Mg80Y5,1
Cu20Mg50Y30,1
Cu20Mg60Y20,1
Cu20Mg70Y10,1
Cu20Mg80Y0,1
Cu25Mg60Y15,1
Cu25Mg65Y10,1
Cu25Mg70Y5,1
Cu30Mg40Y30,1
Cu30Mg50Y20,1
Cu30Mg60Y10,1
Cu30Mg70Y0,1
Cu40Mg30Y30,1
Cu40Mg40Y20,1
Cu40Mg55Y5,1
Cu40Mg60Y0,1
Cu1Mg84Y15,1
Cu20Mg79Y1,1
Cu30Mg69Y1,1
Cu37Mg48Y15,1
Cu40Mg59Y1,1
Cu1Mg79Y20,0
Cu5Mg65Y30,0
Cu5Mg75Y20,0
Cu10Mg60Y30,0
Cu15Mg84Y1,0
Cu30Mg30Y40,0
Cu40Mg20Y40,0
Cu1Mg89Y10,0
Cu5Mg90Y5,0
Cu10Mg89Y1,0
Cu8Mg80Y12,1
Cu16Mg60Y24,1
Cu24Mg40Y36,1
Cu32Mg20Y48,1
Cu40Mg0Y60,1
Cu10Mg75Y15,1
Cu15Mg75Y10,1
Cu38.2Nb33Ti28.8,1
Cu39.9Nb30Ti30.1,1
Cu42.7Nb25Ti32.3,1
Cu45.6Nb20Ti34.4,1
Cu48.4Nb15Ti36.6,1
Cu51.3Nb10Ti38.7,1
Cu54.1Nb5Ti40.9,1
Cu56.4Nb1Ti42.6,1
Cu57Nb1Ti42,1
Cu57Nb5Ti38,1
Cu57Nb10Ti33,1
Cu57Nb15Ti28,1
Cu57Nb20Ti23,1
Cu57Nb22Ti21,1
Cu38.2Nb33Zr28.8,1
Cu39.9Nb30Zr30.1,1
Cu42.7Nb25Zr32.3,1
Cu45.6Nb20Zr34.4,1
Cu48.4Nb15Zr36.6,1
Cu51.3Nb10Zr38.7,1
Cu54.1Nb5Zr40.9,1
Cu56.4Nb1Zr42.6,1
Cu57Nb1Zr42,1
Cu57Nb5Zr38,1
Cu57Nb10Zr33,1
Cu57Nb15Zr28,1
Cu57Nb20Zr23,1
Cu57Nb22Zr21,1
Cu67Ni17P16,1
Cu69Ni13P18,1
Cu0Ni80P20,1
Cu14.4Ni65.6P20,1
Cu52.8Ni27.2P20,1
Cu61.6Ni18.4P20,1
Cu73Ni11P16,1
Cu2Ni76P22,1
Cu2Ni78P20,1
Cu2Ni80P18,1
Cu4Ni74P22,1
Cu4Ni76P20,1
Cu4Ni78P18,1
Cu6Ni72P22,1
Cu6Ni74P20,1
Cu6Ni76P18,1
Cu8Ni70P22,1
Cu8Ni72P20,1
Cu8Ni74P18,1
Cu10Ni68P22,1
Cu10Ni70P20,1
Cu10Ni72P18,1
Cu12Ni68P20,1
Cu1Ni75P24,0
Cu1Ni83P16,0
Cu2Ni74P24,0
Cu2Ni82P16,0
Cu3Ni73P24,0
Cu3Ni81P16,0
Cu4Ni80P16,0
Cu12Ni67P21,0
Cu13Ni66P21,0
Cu13Ni67P20,0
Cu13Ni69P18,0
Cu14Ni66P20,0
Cu14Ni68P18,0
Cu16Ni23Ti61,1
Cu0Ni30Ti70,1
Cu0Ni33Ti67,1
Cu0Ni40Ti60,1
Cu0Ni45Ti55,1
Cu5Ni20Ti75,1
Cu10Ni20Ti70,1
Cu10Ni30Ti60,1
Cu20Ni10Ti70,1
Cu20Ni20Ti60,1
Cu20Ni30Ti50,1
Cu25Ni25Ti50,1
Cu30Ni10Ti60,1
Cu30Ni20Ti50,1
Cu30Ni30Ti40,1
Cu35Ni0Ti65,1
Cu40Ni0Ti60,1
Cu40Ni10Ti50,1
Cu40Ni20Ti40,1
Cu40Ni30Ti30,1
Cu50Ni0Ti50,1
Cu50Ni10Ti40,1
Cu50Ni20Ti30,1
Cu60Ni0Ti40,1
Cu60Ni10Ti30,1
Cu70Ni0Ti30,1
Cu75Ni0Ti25,1
Cu0Ni25Ti75,0
Cu0Ni50Ti50,0
Cu0Ni60Ti40,0
Cu0Ni65Ti35,0
Cu10Ni40Ti50,0
Cu10Ni50Ti40,0
Cu15Ni5Ti80,0
Cu20Ni40Ti40,0
Cu30Ni0Ti70,0
Cu30Ni40Ti30,0
Cu35Ni35Ti30,0
Cu40Ni40Ti20,0
Cu50Ni30Ti20,0
Cu80Ni0Ti20,0
Cu0Ni10Ti90,0
Cu0Ni20Ti80,0
Cu0Ni70Ti30,0
Cu0Ni75Ti25,0
Cu0Ni90Ti10,0
Cu5Ni5Ti90,0
Cu5Ni10Ti85,0
Cu5Ni15Ti80,0
Cu10Ni0Ti90,0
Cu10Ni10Ti80,0
Cu10Ni60Ti30,0
Cu10Ni70Ti20,0
Cu10Ni80Ti10,0
Cu15Ni10Ti75,0
Cu20Ni50Ti30,0
Cu20Ni60Ti20,0
Cu20Ni70Ti10,0
Cu30Ni50Ti20,0
Cu30Ni60Ti10,0
Cu50Ni40Ti10,0
Cu70Ni10Ti20,0
Cu70Ni20Ti10,0
Cu80Ni10Ti10,0
Cu90Ni0Ti10,0
Cu45Ni10Ti45,1
Cu13Ni37Ti50,0
Cu15Ni35Ti50,0
Cu5Ni45Ti50,0
Cu0Ni33Zr67,1
Cu33Ni0.05Zr66.95,1
Cu33Ni0.1Zr66.9,1
Cu33Ni0.15Zr66.85,1
Cu33Ni0.2Zr66.8,1
Cu15Ni28.05Zr56.95,1
Cu5Ni31.35Zr63.65,1
Cu10Ni29.7Zr60.3,1
Cu20Ni26.4Zr53.6,1
Cu25Ni25Zr50,1
Cu0Ni30Zr70,1
Cu0Ni40Zr60,1
Cu0Ni50Zr50,1
Cu0Ni60Zr40,1
Cu10Ni20Zr70,1
Cu10Ni30Zr60,1
Cu10Ni40Zr50,1
Cu10Ni50Zr40,1
Cu10Ni60Zr30,1
Cu15Ni25Zr60,1
Cu15Ni30Zr55,1
Cu20Ni10Zr70,1
Cu20Ni20Zr60,1
Cu20Ni30Zr50,1
Cu20Ni40Zr40,1
Cu20Ni50Zr30,1
Cu25Ni15Zr60,1
Cu25Ni20Zr55,1
Cu30Ni0Zr70,1
Cu30Ni10Zr60,1
Cu30Ni15Zr55,1
Cu30Ni20Zr50,1
Cu30Ni25Zr45,1
Cu30Ni30Zr40,1
Cu30Ni40Zr30,1
Cu35Ni15Zr50,1
Cu35Ni20Zr45,1
Cu40Ni0Zr60,1
Cu40Ni10Zr50,1
Cu40Ni15Zr45,1
Cu40Ni20Zr40,1
Cu40Ni30Zr30,1
Cu50Ni0Zr50,1
Cu50Ni10Zr40,1
Cu50Ni20Zr30,1
Cu60Ni0Zr40,1
Cu60Ni10Zr30,1
Cu70Ni0Zr30,1
Cu5Ni20Zr75,0
Cu10Ni10Zr80,0
Cu20Ni5Zr75,0
Cu20Ni60Zr20,0
Cu30Ni50Zr20,0
Cu40Ni40Zr20,0
Cu50Ni30Zr20,0
Cu60Ni20Zr20,0
Cu70Ni10Zr20,0
Cu56P2Zr42,1
Cu70Pb1Zn29,1
Cu0Pd79Si21,1
Cu0Pd80Si20,1
Cu0Pd82Si18,1
Cu0Pd84Si16,1
Cu0Pd85Si15,1
Cu3.5Pd80Si16.5,1
Cu4.5Pd77.5Si18,1
Cu6Pd77.5Si16.5,1
Cu7Pd73Si20,1
Cu7Pd76.5Si16.5,1
Cu10Pd73.5Si16.5,1
Cu11Pd69.5Si19.5,1
Cu14.5Pd69Si16.5,1
Cu19Pd64.5Si16.5,1
Cu0Pd82.4Si17.6,1
Cu2Pd80.75Si17.25,1
Cu4Pd79.1Si16.9,1
Cu5.7Pd73.8Si20.5,1
Cu5.8Pd74.7Si19.5,1
Cu5.9Pd75.6Si18.5,1
Cu5.9Pd76.6Si17.5,1
Cu6.1Pd78.4Si15.5,1
Cu8Pd75.8Si16.2,1
Cu10Pd74.2Si15.8,1
Cu12Pd72.5Si15.5,1
Cu14Pd70.9Si15.1,1
Cu1.7Pd81.8Si16.5,1
Cu4.2Pd79.3Si16.5,1
Cu6.7Pd76.8Si16.5,1
Cu12.5Pd71Si16.5,1
Cu15Pd68.5Si16.5,1
Cu20.9Pd62.6Si16.5,1
Cu26.7Pd56.8Si16.5,0
Cu0Pd78Si22,1
Cu0Pd83.5Si16.5,1
Cu7Pd76Si17,1
Cu8Pd74Si18,1
Cu9Pd75Si16,1
Cu10Pd70Si20,1
Cu10Pd73Si17,1
Cu12Pd66Si22,1
Cu12.5Pd70.5Si17,1
Cu15Pd69Si16,1
Cu4Pd79.5Si16.5,1
Cu16.5Pd67Si16.5,1
Cu3Pd80Si17,1
Cu39Ti17Zr44,1
Cu39Ti21Zr40,1
Cu40Ti30Zr30,1
Cu44Ti10Zr46,1
Cu44Ti16Zr40,1
Cu45Ti20Zr35,1
Cu45Ti25Zr30,1
Cu47Ti35Zr18,1
Cu50Ti0Zr50,1
Cu50Ti15Zr35,1
Cu50Ti30Zr20,1
Cu54Ti11Zr35,1
Cu55Ti20Zr25,1
Cu55Ti25Zr20,1
Cu56Ti0Zr44,1
Cu60Ti25Zr15,1
Cu60Ti40Zr0,1
Cu62Ti0Zr38,1
Cu65Ti0Zr35,1
Cu65Ti20Zr15,1
Cu70Ti0Zr30,1
Cu31Ti41Zr28,0
Cu34Ti44Zr22,0
Cu46Ti0Zr54,0
Cu66Ti34Zr0,0
Cu75Ti8Zr17,0
Cu20Ti80Zr0,0
Cu28Ti0Zr72,0
Cu30Ti70Zr0,0
Cu33Ti0Zr67,0
Cu35Ti65Zr0,0
Cu75Ti0Zr25,0
Cu75Ti25Zr0,0
Cu80Ti0Zr20,0
Cu85Ti15Zr0,0
Cu95Ti0Zr5,0
Cu50Ti50Zr0,1
Dy0.3Fe89.7Zr10,1
Dy88Fe2Zr10,1
Dy84Fe6Zr10,0
Fe88Gd2Zr10,1
Fe89.7Gd0.3Zr10,1
Fe84Gd6Zr10,0
Fe89.91Ge0.09Zr10,1
Fe89.946Ge0.054Zr10,1
Fe89.964Ge0.036Zr10,1
Fe89.982Ge0.018Zr10,1
Fe90Ge0Zr10,1
Fe24Hf0Zr76,1
Fe24Hf7.6Zr68.4,1
Fe24Hf15.2Zr60.8,1
Fe24Hf22.8Zr53.2,1
Fe24Hf34.2Zr41.8,1
Fe28Ir2Zr70,1
Fe84La6Zr10,1
Fe88La2Zr10,1
Fe89.7La0.3Zr10,1
Fe68Mn15P17,1
Fe71Mn12P17,1
Fe74Mn9P17,1
Fe86Mn4Zr10,1
Fe88Mn2Zr10,1
Fe90Mn0Zr10,1
Fe82Mn8Zr10,1
Fe74Mo9P17,1
Fe76Mo7P17,1
Fe0Ni80P20,1
Fe1Ni79P20,1
Fe3Ni77P20,1
Fe5Ni75P20,1
Fe10Ni70P20,1
Fe20Ni60P20,1
Fe15Ni65P20,1
Fe25Ni55P20,1
Fe30Ni50P20,1
Fe35Ni45P20,1
Fe40Ni40P20,1
Fe60Ni20P20,1
Fe80Ni0P20,1
Fe16Ni64P20,1
Fe9Ni81Zr10,1
Fe18Ni72Zr10,1
Fe36Ni54Zr10,1
Fe54Ni36Zr10,1
Fe63Ni27Zr10,1
Fe72Ni18Zr10,1
Fe81Ni9Zr10,1
Fe90Ni0Zr10,1
Fe0Ni33Zr67,1
Fe33Ni0.05Zr66.95,1
Fe33Ni0.1Zr66.9,1
Fe33Ni0.15Zr66.85,1
Fe33Ni0.2Zr66.8,1
Fe15Ni28.05Zr56.95,1
Fe5Ni31.35Zr63.65,1
Fe10Ni29.7Zr60.3,1
Fe20Ni26.4Zr53.6,1
Fe25Ni24.75Zr50.25,1
Fe30Ni23.1Zr46.9,1
Fe76.5Ni13.5Zr10,1
Fe3.3Ni29.7Zr67,1
Fe6.6Ni26.4Zr67,1
Fe9.9Ni23.1Zr67,1
Fe13.2Ni19.8Zr67,1
Fe16.5Ni16.5Zr67,1
Fe20.2Ni12.8Zr67,1
Fe23.1Ni9.9Zr67,1
Fe29.7Ni3.3Zr67,1
Fe33Ni0Zr67,1
Fe80P10Si10,1
Fe80P15Si5,1
Fe80P18Si2,1
Fe80P9.5Si10.5,1
Fe80P11Si9,1
Fe80P12Si8,1
Fe80P13Si7,1
Fe80P14Si6,1
Fe80P16Si4,1
Fe80P17.5Si2.5,1
Fe80P20Si0,1
Fe74P17V9,1
Fe76P17V7,1
Fe1.7Pd81.8Si16.5,1
Fe4.2Pd79.3Si16.5,1
Fe6.7Pd76.8Si16.5,1
Fe10Pd73.5Si16.5,1
Fe12.5Pd71Si16.5,1
Fe15Pd68.5Si16.5,0
Fe0Pd80Si20,1
Fe7Pd73Si20,1
Fe13Pd67Si20,1
Fe5.1Pd78.1Si16.8,1
Fe28Pd2Zr70,1
Fe84Pr6Zr10,1
Fe89.7Pr0.3Zr10,1
Fe88Pr2Zr10,0
Fe28Rh2Zr70,1
Fe28Ru2Zr70,1
Fe25Sc37.5Zr37.5,1
Fe25Sc75Zr0,1
Fe90Sc10Zr0,1
Fe56.7Si15Tb28.3,1
Fe61.7Si7.5Tb30.8,1
Fe65Si2.5Tb32.5,1
Fe66.7Si0Tb33.3,0
Fe12Si16Ti72,1
Fe89.91Si0.09Zr10,1
Fe89.946Si0.054Zr10,1
Fe89.964Si0.036Zr10,1
Fe89.982Si0.018Zr10,1
Fe90Si0Zr10,1
Fe0Si15Zr85,1
Fe10Si15Zr75,1
Fe20Si65Zr15,1
Fe22Si10Zr68,1
Fe89.91V0.09Zr10,1
Fe89.946V0.054Zr10,1
Fe89.964V0.036Zr10,1
Fe89.982V0.018Zr10,1
Fe90V0Zr10,1
Ge15Mo0Zr85,1
Ge15Mo10Zr75,1
Ge15Mo20Zr65,1
Ge1Nb80Si19,1
Ge2Nb80Si18,1
Ge3Nb80Si17,1
Ge4Nb80Si16,1
Ge0Nb77Si23,1
Ge0Nb80Si20,1
Ge4Nb76Si20,1
Ge8Nb76Si16,1
Ge8Nb78Si14,1
Ge13Nb77Si10,1
Ge15Nb75Si10,1
Ge15Nb76.5Si8.5,1
Ge13Nb0Zr87,1
Ge15Nb0Zr85,1
Ge15Nb10Zr75,1
Ge15Nb20Zr65,1
Ge15Nb30Zr55,1
Ge15Nb40Zr45,1
Ge15Nb50Zr35,1
Ge15Nb60Zr25,1
Ge17Nb0Zr83,1
Ge0Pd79Si21,1
Ge0Pd80Si20,1
Ge0Pd82Si18,1
Ge0Pd84Si16,1
Ge0Pd85Si15,1
Ge2Pd84Si14,1
Ge3Pd84Si13,1
Ge4Pd84Si12,1
Ge7Pd83Si10,1
Ge21Pd79Si0,1
Ge15Ta0Zr85,1
Ge15Ta20Zr65,1
Ge15Ti0Zr85,1
Ge15Ti20Zr65,1
Ge15V0Zr85,1
Ge15V10Zr75,1
Ge15V20Zr65,1
Hf40Nb45Si15,1
Hf41Nb44Si15,1
Hf42Nb43Si15,1
Hf43Nb42Si15,1
Hf44Nb41Si15,1
Hf45Nb40Si15,1
Hf46Nb39Si15,1
Hf47Nb38Si15,1
Hf48Nb37Si15,1
Hf49Nb36Si15,1
Hf50Nb35Si15,1
Hf51Nb34Si15,1
Hf52Nb33Si15,1
Hf53Nb32Si15,1
Hf54Nb31Si15,1
Hf55Nb30Si15,1
Hf56Nb29Si15,1
Hf57Nb28Si15,1
Hf58Nb27Si15,1
Hf59Nb26Si15,1
Hf60Nb25Si15,1
Hf61Nb24Si15,1
Hf62Nb23Si15,1
Hf63Nb22Si15,1
Hf64Nb21Si15,1
Hf65Nb20Si15,1
Hf66Nb19Si15,1
Hf67Nb18Si15,1
Hf68Nb17Si15,1
Hf69Nb16Si15,1
Hf70Nb15Si15,1
Hf71Nb14Si15,1
Hf72Nb13Si15,1
Hf73Nb12Si15,1
Hf74Nb11Si15,1
Hf75Nb10Si15,1
Hf76Nb9Si15,1
Hf77Nb8Si15,1
Hf78Nb7Si15,1
Hf79Nb6Si15,1
Hf80Nb5Si15,1
Hf81Nb4Si15,1
Hf82Nb3Si15,1
Hf83Nb2Si15,1
Hf84Nb1Si15,1
Hf85Nb0Si15,1
Hf67Ni27P6,1
Hf67Ni33P0,1
Hf50Si15V35,1
Hf51Si15V34,1
Hf52Si15V33,1
Hf53Si15V32,1
Hf54Si15V31,1
Hf55Si15V30,1
Hf56Si15V29,1
Hf57Si15V28,1
Hf58Si15V27,1
Hf59Si15V26,1
Hf60Si15V25,1
Hf61Si15V24,1
Hf62Si15V23,1
Hf63Si15V22,1
Hf64Si15V21,1
Hf65Si15V20,1
Hf66Si15V19,1
Hf67Si15V18,1
Hf68Si15V17,1
Hf69Si15V16,1
Hf70Si15V15,1
Hf71Si15V14,1
Hf72Si15V13,1
Hf73Si15V12,1
Hf74Si15V11,1
Hf75Si15V10,1
Hf76Si15V9,1
Hf77Si15V8,1
Hf78Si15V7,1
Hf79Si15V6,1
Hf80Si15V5,1
Hf81Si15V4,1
Hf82Si15V3,1
Hf83Si15V2,1
Hf84Si15V1,1
Hf85Si15V0,1
Hf0Si15Zr85,1
Hf10Si15Zr75,1
Hf20Si15Zr65,1
Hf30Si15Zr55,1
Hf40Si15Zr45,1
Hf55Si15Zr30,1
In6Mg70Zn24,1
Ir1Nb40Ni59,1
Ir1Ni59Ta40,1
Ir40P19Pd41,1
La0Mg80Ni20,1
La0Mg85Ni15,1
La0Mg90Ni10,1
La5Mg75Ni20,1
La5Mg80Ni15,1
La5Mg85Ni10,1
La10Mg50Ni40,1
La10Mg60Ni30,1
La10Mg65Ni25,1
La10Mg70Ni20,1
La10Mg75Ni15,1
La10Mg80Ni10,1
La15Mg50Ni35,1
La15Mg55Ni30,1
La15Mg60Ni25,1
La15Mg65Ni20,1
La15Mg70Ni15,1
La15Mg75Ni10,1
La20Mg40Ni40,1
La20Mg45Ni35,1
La20Mg50Ni30,1
La20Mg55Ni25,1
La20Mg60Ni20,1
La20Mg65Ni15,1
La20Mg70Ni10,1
La25Mg45Ni30,1
La30Mg40Ni30,1
La20Mg35Ni45,1
La25Mg50Ni25,1
La30Mg30Ni40,1
La30Mg45Ni25,1
La30Mg50Ni20,1
La5Mg90Ni5,0
La30Mg60Ni10,0
La40Mg10Ni50,0
La40Mg40Ni20,0
La50Mg20Ni30,0
La0Mg70Ni30,0
La10Mg85Ni5,0
La15Mg80Ni5,0
La20Mg70Ni10,0
La50Mg0Ni50,0
La9Mg85Ni6,1
La12Mg80Ni8,1
La18Mg70Ni12,1
La24Mg60Ni16,1
La35Mg50Ni15,1
La36Mg40Ni24,1
La40Mg50Ni10,1
La48Mg20Ni32,1
La60Mg0Ni40,1
La0Mg60Zn40,1
La0Mg65Zn35,1
La0Mg70Zn30,1
La0Mg75Zn25,1
La3Mg72Zn25,1
La3Mg75Zn22,1
La4Mg74Zn22,1
La4Mg76Zn20,1
La5Mg70Zn25,1
La5Mg75Zn20,1
La7Mg71Zn22,1
La8Mg67Zn25,1
La8Mg72Zn20,1
La10Mg65Zn25,1
La10Mg70Zn20,1
Mg84Mn6Y10,1
Mg85Mn0Y15,1
Mg86Mn2Y12,1
Mg86Mn4Y10,1
Mg86.5Mn6Y7.5,1
Mg87Mn8Y5,1
Mg88Mn2Y10,1
Mg88.5Mn4Y7.5,1
Mg89Mn6Y5,1
Mg91Mn4Y5,1
Mg91.5Mn6Y2.5,1
Mg82Mn8Y10,0
Mg83Mn2Y15,0
Mg84.5Mn8Y7.5,0
Mg87.5Mn10Y2.5,0
Mg89.5Mn8Y2.5,0
Mg90.5Mn2Y7.5,0
Mg93Mn2Y5,0
Mg95Mn5Y0,0
Mg77.5Mn10Y12.5,0
Mg80Mn15Y5,0
Mg81Mn4Y15,0
Mg82.5Mn10Y7.5,0
Mg85Mn15Y0,0
Mg90Mn0Y10,0
Mg90Mn10Y0,0
Mg92.5Mn7.5Y0,0
Mg93.5Mn4Y2.5,0
Mg95.5Mn2Y2.5,0
Mg0Nd60Ni40,1
Mg0Nd70Ni30,1
Mg10Nd40Ni50,1
Mg10Nd50Ni40,1
Mg10Nd60Ni30,1
Mg20Nd30Ni50,1
Mg20Nd40Ni40,1
Mg20Nd50Ni30,1
Mg20Nd60Ni20,1
Mg30Nd40Ni30,1
Mg30Nd50Ni20,1
Mg35Nd25Ni40,1
Mg40Nd20Ni40,1
Mg40Nd25Ni35,1
Mg40Nd30Ni30,1
Mg40Nd35Ni25,1
Mg45Nd15Ni40,1
Mg45Nd20Ni35,1
Mg45Nd25Ni30,1
Mg45Nd30Ni25,1
Mg45Nd35Ni20,1
Mg50Nd15Ni35,1
Mg50Nd20Ni30,1
Mg50Nd25Ni25,1
Mg50Nd30Ni20,1
Mg50Nd35Ni15,1
Mg55Nd10Ni35,1
Mg55Nd15Ni30,1
Mg55Nd20Ni25,1
Mg55Nd25Ni20,1
Mg55Nd30Ni15,1
Mg55Nd35Ni10,1
Mg60Nd10Ni30,1
Mg60Nd15Ni25,1
Mg60Nd20Ni20,1
Mg60Nd25Ni15,1
Mg60Nd30Ni10,1
Mg65Nd5Ni30,1
Mg65Nd10Ni25,1
Mg65Nd15Ni20,1
Mg65Nd20Ni15,1
Mg65Nd25Ni10,1
Mg70Nd10Ni20,1
Mg70Nd15Ni15,1
Mg70Nd20Ni10,1
Mg75Nd5Ni20,1
Mg75Nd10Ni15,1
Mg75Nd15Ni10,1
Mg75Nd20Ni5,1
Mg80Nd0Ni20,1
Mg80Nd10Ni10,1
Mg83Nd5Ni12,1
Mg85Nd5Ni10,1
Mg85Nd10Ni5,1
Mg88Nd5Ni7,1
Mg90Nd7.5Ni2.5,1
Mg0Nd30Ni70,0
Mg10Nd30Ni60,0
Mg50Nd10Ni40,0
Mg50Nd40Ni10,0
Mg80Nd15Ni5,0
Mg90Nd0Ni10,0
Mg90Nd5Ni5,0
Mg92.5Nd7.5Ni0,0
Mg0Nd40Ni60,0
Mg0Nd50Ni50,0
Mg0Nd80Ni20,0
Mg10Nd70Ni20,0
Mg20Nd70Ni10,0
Mg30Nd20Ni50,0
Mg30Nd60Ni10,0
Mg40Nd50Ni10,0
Mg70Nd0Ni30,0
Mg85Nd15Ni0,0
Mg90Nd10Ni0,0
Mg95Nd5Ni0,0
Mg97.5Nd2.5Ni0,0
Mg30Ni40Y30,1
Mg40Ni30Y30,1
Mg50Ni20Y30,1
Mg50Ni30Y20,1
Mg60Ni20Y20,1
Mg60Ni25Y15,1
Mg60Ni30Y10,1
Mg65Ni15Y20,1
Mg65Ni20Y15,1
Mg65Ni25Y10,1
Mg65Ni30Y5,1
Mg70Ni15Y15,1
Mg70Ni20Y10,1
Mg75Ni10Y15,1
Mg75Ni15Y10,1
Mg75Ni20Y5,1
Mg80Ni10Y10,1
Mg80Ni15Y5,1
Mg80Ni20Y0,1
Mg85Ni10Y5,1
Mg20Ni40Y40,1
Mg85Ni5Y10,1
Mg50Ni40Y10,0
Mg70Ni10Y20,0
Mg80Ni5Y15,0
Mg40Ni40Y20,0
Mg90Ni5Y5,0
Mg70Sn6Zn24,1
Mn0Ni33Zr67,1
Mn33Ni0.05Zr66.95,1
Mn33Ni0.1Zr66.9,1
Mn33Ni0.15Zr66.85,1
Mn33Ni0.2Zr66.8,1
Mn15Ni28.05Zr56.95,1
Mn5Ni31.35Zr63.65,1
Mn10Ni29.7Zr60.3,1
Mn20Ni26.4Zr53.6,1
Mn25Ni24.75Zr50.25,1
Mn30Ni23.1Zr46.9,1
Mn74P3Si23,1
Mn74P13Si13,1
Mn0Pd80Si20,1
Mn1Pd79Si20,1
Mn2Pd78Si20,1
Mn3Pd77Si20,1
Mn4Pd76Si20,1
Mn5Pd75Si20,1
Mn6Pd74Si20,1
Mn7Pd73Si20,1
Mo0Nb80Si20,1
Mo5Nb75Si20,1
Mo10Nb70Si20,1
Mo15Nb65Si20,1
Mo20Nb60Si20,1
Mo25Nb55Si20,1
Mo30Nb50Si20,1
Mo35Nb45Si20,0
Mo9Ni72P19,1
Mo13Ni68P19,1
Mo5Ni75P20,1
Mo7Ni73P20,1
Mo12Ni69P19,1
Mo48P20Rh32,1
Mo16P20Ru64,1
Mo32P20Ru48,1
Mo48P20Ru32,1
Mo64P20Ru16,1
Mo0Si15Zr85,1
Mo5Si15Zr80,1
Mo10Si15Zr75,1
Mo15Si15Zr70,1
Mo20Si15Zr65,1
Nb40Ni59Pd1,1
Nb40Ni57Pt3,1
Nb40Ni59Pt1,1
Nb0Ni60Ta40,1
Nb0Ni65Ta35,1
Nb0Ni70Ta30,1
Nb0Ni80Ta20,1
Nb0Ni90Ta10,1
Nb10Ni60Ta30,1
Nb15Ni60Ta25,1
Nb20Ni60Ta20,1
Nb25Ni60Ta15,1
Nb30Ni60Ta10,1
Nb35Ni60Ta5,1
Nb40Ni60Ta0,1
Nb50Ni50Ta0,1
Nb60Ni40Ta0,1
Nb0Ni50Ta50,1
Nb70Si20Ta10,1
Nb75Si20Ta5,1
Nb80Si20Ta0,1
Nb65Si20Ta15,0
Nb0Si15Ti85,1
Nb0Si20Ti80,1
Nb5Si15Ti80,1
Nb10Si15Ti75,1
Nb15Si15Ti70,1
Nb15Si17.5Ti67.5,1
Nb25Si15Ti60,1
Nb25Si17.5Ti57.5,1
Nb30Si15Ti55,1
Nb30Si17.5Ti52.5,1
Nb35Si15Ti50,1
Nb30Si12Ti58,0
Nb0Si5Ti95,0
Nb0Si10Ti90,0
Nb0Si25Ti75,0
Nb10Si10Ti80,0
Nb20Si10Ti70,0
Nb30Si10Ti60,0
Nb30Si20Ti50,0
Nb45Si15Ti40,0
Nb50Si15Ti35,0
Nb0Si13Ti87,1
Nb20Si15Ti65,1
Nb30Si14Ti56,1
Nb30Si16Ti54,1
Nb30Si18Ti52,1
Nb40Si15Ti45,1
Nb45Si15Ti40,1
Nb50Si15Ti35,1
Nb52Si18Ti30,1
Nb54Si16Ti30,1
Nb55Si15Ti30,1
Nb56Si14Ti30,1
Nb60Si15Ti25,1
Nb65Si15Ti20,1
Nb68Si17Ti15,1
Nb70Si15Ti15,1
Nb75Si15Ti10,1
Nb80Si15Ti5,1
Nb80Si20Ti0,1
Nb85Si15Ti0,1
Nb30Si13Ti57,0
Nb47Si13Ti40,0
Nb47Si25Ti28,0
Nb50Si13Ti37,0
Nb50Si25Ti25,0
Nb0Si22Ti78,1
Nb60Si20V20,1
Nb65Si20V15,1
Nb70Si20V10,1
Nb75Si20V5,1
Nb80Si20V0,1
Nb55Si20V25,0
Nb70Si20W10,1
Nb75Si20W5,1
Nb80Si20W0,1
Nb65Si20W15,0
Nb55Si20Zr25,1
Nb60Si20Zr20,1
Nb65Si20Zr15,1
Nb70Si20Zr10,1
Nb75Si20Zr5,1
Nb79Si20Zr1,1
Nb80Si20Zr0,1
Nb50Si20Zr30,0
Nb0Si13Zr87,1
Nb0Si15Zr85,1
Nb0Si17Zr83,1
Nb10Si15Zr75,1
Nb20Si15Zr65,1
Nb30Si13Zr57,1
Nb30Si15Zr55,1
Nb30Si17Zr53,1
Nb40Si9Zr51,1
Nb40Si11Zr49,1
Nb40Si13Zr47,1
Nb40Si15Zr45,1
Nb40Si17Zr43,1
Nb50Si15Zr35,1
Nb60Si15Zr25,1
Nb70Si15Zr15,1
Nb30Si9Zr61,0
Nb30Si11Zr59,0
Nb40Si7Zr53,0
Nb30Si5Zr65,0
Nb30Si7Zr63,0
Nb40Si5Zr55,0
Ni55P10Pd35,1
Ni63P20Pd17,1
Ni40P20Pd40,1
Ni80P20Pd0,1
Ni41P18Pd41,1
Ni32P20Pd48,1
Ni36.5P27Pd36.5,1
Ni37.5P25Pd37.5,1
Ni64P20Pd16,1
Ni0P19Pd81,1
Ni5P19Pd76,1
Ni10P19Pd71,1
Ni20P19Pd61,1
Ni34P18Pd48,1
Ni20P0Pd80,1
Ni42.5P15Pd42.5,1
Ni45P10Pd45,1
Ni50P0Pd50,1
Ni37P26Pd37,1
Ni38.5P23Pd38.5,1
Ni41.5P17Pd41.5,1
Ni43P14Pd43,1
Ni8P20Pd72,1
Ni24P20Pd56,1
Ni56P20Pd24,1
Ni72P20Pd8,1
Ni60P20Pd20,1
Ni15P25Pt60,1
Ni16P20Pt64,1
Ni22.5P25Pt52.5,1
Ni24P20Pt56,1
Ni30P25Pt45,1
Ni37.5P25Pt37.5,1
Ni40P20Pt40,1
Ni45P25Pt30,1
Ni48P20Pt32,1
Ni52.5P25Pt22.5,1
Ni56P20Pt24,1
Ni64P20Pt16,1
Ni32P20Pt48,0
Ni60P25Pt15,0
Ni72P20Pt8,0
Ni60P0Ta40,1
Ni62P18Ta20,1
Ni65P0Ta35,1
Ni65P5Ta30,1
Ni70P0Ta30,1
Ni72P18Ta10,1
Ni75P5Ta20,1
Ni80P0Ta20,1
Ni85P5Ta10,1
Ni90P0Ta10,1
Ni20P20Ti60,1
Ni65P20Ti15,1
Ni67P20Ti13,1
Ni70P20Ti10,1
Ni75P20Ti5,1
Ni76P20Ti4,1
Ni77P20Ti3,1
Ni80P20Ti0,1
Ni75P18W7,1
Ni77P18W5,1
Ni80P18W2,1
Ni49P2Zr49,1
Ni24P1Zr75,1
Ni24P2Zr74,1
Ni24P4Zr72,1
Ni24P6Zr70,1
Ni24P8Zr68,1
Ni1.7Pd81.8Si16.5,1
Ni4.2Pd79.3Si16.5,1
Ni6.7Pd76.8Si16.5,1
Ni10Pd73.5Si16.5,1
Ni12.5Pd71Si16.5,1
Ni15Pd68.5Si16.5,1
Ni20.9Pd62.6Si16.5,1
Ni26.7Pd56.8Si16.5,1
Ni29.2Pd54.3Si16.5,1
Ni35Pd48.5Si16.5,1
Ni40Pd43.5Si16.5,1
Ni43.4Pd40.1Si16.5,1
Ni50.1Pd33.4Si16.5,1
Ni58.5Pd25Si16.5,0
Ni20Pd60Si20,1
Ni11.7Pd71.8Si16.5,1
Ni19.2Pd64.3Si16.5,1
Ni8.2Pd73.8Si18,1
Ni16.4Pd65.6Si18,1
Ni32.8Pd49.2Si18,1
Ni49.2Pd32.8Si18,1
Ni59Pd1Ta40,1
Ni59Pd1Zr40,1
Ni59Ru1Ta40,1
Ni0Si20Ti80,1
Ni5Si15Ti80,1
Ni10Si10Ti80,1
Ni10Si15Ti75,1
Ni15Si10Ti75,1
Ni15Si15Ti70,1
Ni16Si20Ti64,1
Ni20Si5Ti75,1
Ni20Si10Ti70,1
Ni20Si15Ti65,1
Ni25Si5Ti70,1
Ni25Si10Ti65,1
Ni25Si15Ti60,1
Ni30Si0Ti70,1
Ni30Si5Ti65,1
Ni30Si10Ti60,1
Ni30Si15Ti55,1
Ni30Si20Ti50,1
Ni32Si20Ti48,1
Ni35Si0Ti65,1
Ni35Si5Ti60,1
Ni35Si10Ti55,1
Ni35Si15Ti50,1
Ni35Si20Ti45,1
Ni40Si0Ti60,1
Ni40Si5Ti55,1
Ni40Si10Ti50,1
Ni40Si15Ti45,1
Ni40Si20Ti40,1
Ni45Si15Ti40,1
Ni48Si20Ti32,1
Ni50Si10Ti40,1
Ni55Si5Ti40,1
Ni64Si20Ti16,1
Ni15Si5Ti80,0
Ni25Si0Ti75,0
Ni45Si5Ti50,0
Ni45Si10Ti45,0
Ni50Si5Ti45,0
Ni60Si0Ti40,0
Ni0Si15Ti85,0
Ni0Si25Ti75,0
Ni5Si10Ti85,0
Ni5Si20Ti75,0
Ni10Si5Ti85,0
Ni10Si20Ti70,0
Ni15Si0Ti85,0
Ni15Si20Ti65,0
Ni20Si0Ti80,0
Ni20Si20Ti60,0
Ni25Si20Ti55,0
Ni30Si30Ti40,0
Ni30Si40Ti30,0
Ni40Si30Ti30,0
Ni45Si0Ti55,0
Ni50Si0Ti50,0
Ni50Si20Ti30,0
Ni50Si30Ti20,0
Ni55Si0Ti45,0
Ni28Si16Ti56,1
Ni32Si4Ti64,1
Ni33Si0Ti67,1
Ni24Si1Zr75,1
Ni24Si2Zr74,1
Ni24Si4Zr72,1
Ni24Si6Zr70,1
Ni24Si8Zr68,1
Ni33Ti67Zr0,1
Ni50Ti0Zr50,1
Ni50Ti30Zr20,1
Ni60Ti40Zr0,1
Ni63Ti0Zr37,1
Ni33Ti0Zr67,1
Ni33Ti0.05Zr66.95,1
Ni33Ti0.1Zr66.9,1
Ni33Ti0.15Zr66.85,1
Ni33Ti0.2Zr66.8,1
Ni28.05Ti15Zr56.95,1
Ni24.75Ti25Zr50.25,1
Ni26.4Ti20Zr53.6,1
Ni29.7Ti10Zr60.3,1
Ni31.35Ti5Zr63.65,1
Ni30Ti0Zr70,1
Ni35Ti65Zr0,1
Ni70Ti0Zr30,1
Ni20V30Zr50,1
Ni22V20Zr58,1
Ni25V10Zr65,1
Ni28V0Zr72,1
Ni37V25Zr38,1
Ni40V20Zr40,1
Ni45V10Zr45,1
Ni47V30Zr23,1
Ni50V0Zr50,1
Ni54V20Zr26,1
Ni60V10Zr30,1
Ni67V0Zr33,1
Ni46V30Zr24,1
Ni50V25Zr25,1
Ni33V0Zr67,1
Ni33V0.05Zr66.95,1
Ni33V0.1Zr66.9,1
Ni33V0.15Zr66.85,1
Ni33V0.2Zr66.8,1
Ni28.05V15Zr56.95,1
Ni24.75V25Zr50.25,1
Ni26.4V20Zr53.6,1
Ni29.7V10Zr60.3,1
Ni31.35V5Zr63.65,1
Ni24V25Zr51,1
Ni29V20Zr51,1
Ni30V10Zr60,1
Ni31V5Zr64,1
Ni45V25Zr30,1
Ni48V20Zr32,1
Ni50.5V25Zr24.5,1
Ni53V20Zr27,1
Ni55V10Zr35,1
P19Pd61Ti20,1
P19Pd65Ti16,1
P19Pd73Ti8,1
P19Pd79Ti2,1
P19Pd81Ti0,1
Pd79.3Rh4.2Si16.5,1
Pd81.8Rh1.7Si16.5,1
Pd76.8Rh6.7Si16.5,0
Pd58.8Si20.6U20.6,1
Ru0Si15Zr85,1
Ru10Si15Zr75,1
Si6Sn9Zr85,1
Si13Sn0Zr87,1
Si15Sn0Zr85,1
Si17Sn0Zr83,1
Si15Ta0Ti85,1
Si15Ta10Ti75,1
Si15Ta20Ti65,1
Si15Ta30Ti55,1
Si15Ta40Ti45,1
Si15Ta0Zr85,1
Si15Ta10Zr75,1
Si15Ta20Zr65,1
Si15Ta30Zr55,1
Si15Ta40Zr45,1
Si15Ti55V30,1
Si15Ti60V25,1
Si15Ti65V20,1
Si15Ti70V15,1
Si15Ti75V10,1
Si15Ti80V5,1
Si15Ti85V0,1
Si20Ti70V10,1
Si20Ti75V5,1
Si20Ti80V0,1
Si5Ti95V0,0
Si10Ti70V20,0
Si10Ti85V5,0
Si10Ti90V0,0
Si15Ti50V35,0
Si20Ti60V20,0
Si25Ti75V0,0
Si15Ti45V40,1
Si15Ti0Zr85,1
Si15Ti5Zr80,1
Si15Ti10Zr75,1
Si15Ti15Zr70,1
Si15Ti20Zr65,1
Si15Ti25Zr60,1
Si15Ti30Zr55,1
Si15Ti35Zr50,1
Si15Ti40Zr45,1
Si15Ti45Zr40,1
Si15Ti50Zr35,1
Si15Ti55Zr30,1
Si15Ti60Zr25,1
Si15Ti65Zr20,1
Si15Ti70Zr15,1
Si15Ti75Zr10,1
Si15Ti80Zr5,1
Si15Ti85Zr0,1
Si0Ti15Zr85,1
Si0Ti20Zr80,1
Si0Ti22Zr78,1
Si5Ti12Zr83,1
Si5Ti15Zr80,1
Si5Ti20Zr75,1
Si5Ti23Zr72,1
Si10Ti10Zr80,1
Si10Ti15Zr75,1
Si10Ti20Zr70,1
Si10Ti24Zr66,1
Si13Ti0Zr87,1
Si15Ti9Zr76,1
Si20Ti9Zr71,1
Si20Ti15Zr65,1
Si20Ti20Zr60,1
Si20Ti25Zr55,1
Si25Ti8Zr67,1
Si25Ti15Zr60,1
Si25Ti20Zr55,1
Si25Ti25Zr50,1
Si30Ti8Zr62,1
Si30Ti15Zr55,1
Si30Ti20Zr50,1
Si30Ti26Zr44,1
Si35Ti8Zr57,1
Si35Ti15Zr50,1
Si35Ti20Zr45,1
Si35Ti26Zr39,1
Si40Ti8Zr52,1
Si40Ti15Zr45,1
Si40Ti20Zr40,1
Si40Ti26Zr34,1
Si45Ti8Zr47,1
Si45Ti15Zr40,1
Si45Ti20Zr35,1
Si45Ti25Zr30,1
Si50Ti8Zr42,1
Si50Ti15Zr35,1
Si50Ti20Zr30,1
Si50Ti25Zr25,1
Si55Ti9Zr36,1
Si55Ti15Zr30,1
Si55Ti20Zr25,1
Si55Ti24Zr21,1
Si60Ti9Zr31,1
Si60Ti15Zr25,1
Si60Ti20Zr20,1
Si60Ti24Zr16,1
Si65Ti10Zr25,1
Si65Ti15Zr20,1
Si65Ti20Zr15,1
Si65Ti23Zr12,1
Si70Ti11Zr19,1
Si70Ti15Zr15,1
Si70Ti20Zr10,1
Si70Ti22Zr8,1
Si75Ti12Zr13,1
Si75Ti15Zr10,1
Si75Ti20Zr5,1
Si75Ti22Zr3,1
Si80Ti14Zr6,1
Si80Ti15Zr5,1
Si80Ti20Zr0,1
Si85Ti15Zr0,1
Si0Ti90Zr10,0
Si82Ti8Zr10,0
Si84Ti6Zr10,0
Si86Ti4Zr10,0
Si88Ti2Zr10,0
Si15V0Zr85,1
Si15V10Zr75,1
Si15V20Zr65,1
Si15V30Zr55,1
Si15V40Zr45,1
Si15W0Zr85,1
Si1510Zr75,1
Ag28Cu30Fe42,1
Ag29Cu30Fe41,1
Ag30Cu30Fe40,1
Ag38Cu22Fe40,1
Ag41Cu23Fe36,1
Ag46Cu12Fe42,1
Ag21Cu42Fe37,0
Ag22Cu41Fe37,0
Ag26Cu44Fe30,0
Ag29Cu31Fe40,0
Ag31Cu37Fe32,0
Ag36Cu30Fe34,0
Ag40Cu12Fe48,0
Ag40Cu40Fe20,0
Ag40Cu47Fe13,0
Ag0Cu32Fe68,0
Ag0Cu54Fe46,0
Ag0Cu63Fe37,0
Ag0Cu70Fe30,0
Ag0Cu71Fe29,0
Ag0Cu76Fe24,0
Ag0Cu90Fe10,0
Ag11Cu38Fe51,0
Ag13Cu32Fe55,0
Ag15Cu49Fe36,0
Ag15Cu83Fe2,0
Ag17Cu20Fe63,0
Ag17Cu41Fe42,0
Ag22Cu51Fe27,0
Ag23Cu10Fe67,0
Ag24Cu31Fe45,0
Ag25Cu25Fe50,0
Ag26Cu23Fe51,0
Ag27Cu31Fe42,0
Ag27Cu73Fe0,0
Ag28Cu45Fe27,0
Ag31Cu49Fe20,0
Ag31Cu55Fe14,0
Ag32Cu66Fe2,0
Ag37Cu6Fe57,0
Ag42Cu0Fe58,0
Ag48Cu0Fe52,0
Ag48Cu52Fe0,0
Ag49Cu29Fe22,0
Ag50Cu0Fe50,0
Ag51Cu13Fe36,0
Ag52Cu0Fe48,0
Ag55Cu0Fe45,0
Ag58Cu32Fe10,0
Ag61Cu0Fe39,0
Ag62Cu30Fe8,0
Ag63Cu0Fe37,0
Ag63Cu8Fe29,0
Ag67Cu0Fe33,0
Ag70Cu0Fe30,0
Ag84Cu0Fe16,0
Ag31Cu31Fe38,1
Al65Cu15Fe20,1
Al71Cu14Fe15,1
Al90Cu5Fe5,1
Al62Cu21Fe17,0
Al69Cu18Fe13,0
Al70Cu16Fe14,0
Al73Cu14Fe13,0
Al78Cu15Fe7,0
Al50Cu30Fe20,0
Al64Cu23Fe13,0
Al62.5Cu25Fe12.5,0
Al80Fe10Gd10,1
Al81.8Fe9.1Gd9.1,1
Al83.6Fe8.2Gd8.2,1
Al85.4Fe7.3Gd7.3,1
Al87.2Fe6.4Gd6.4,1
Al89Fe5.5Gd5.5,1
Al70Fe14Ni16,1
Al70Fe15Ni15,1
Al70Fe16Ni14,1
Al70Fe20Ni10,1
Al72Fe14Ni14,1
Al79Fe7Ni14,1
Al82Fe15Ni3,1
Al84Fe8Ni8,1
Al72Fe13Ni15,0
Al57Fe27Ni16,0
Al65Fe15Ni20,0
Al65Fe21Ni14,0
Al67Fe21Ni12,0
Al26Mg18Ti56,1
Al28Mg22Ti50,1
Al28Mg27Ti45,1
Al29Mg13Ti58,1
Al33Mg6Ti61,1
Al33Mg13Ti54,1
Al37Mg10Ti53,1
Al39Mg7Ti54,1
Al40Mg12Ti48,1
Al40Mg18Ti42,1
Al44Mg7Ti49,1
Al45Mg2Ti53,1
Al46Mg0Ti54,1
Al47Mg9Ti44,1
Al50Mg15Ti35,1
Al52Mg10Ti38,1
Al53Mg15Ti32,1
Al57Mg0Ti43,1
Al57Mg7Ti36,1
Al57Mg11Ti32,1
Al60Mg11Ti29,1
Al60Mg12Ti28,1
Al62Mg0Ti38,1
Al63Mg3Ti34,1
Al66Mg0Ti34,1
Al66Mg5Ti29,1
Al68Mg0Ti32,1
Al68Mg12Ti20,1
Al21Mg27Ti52,0
Al24Mg28Ti48,0
Al27Mg30Ti43,0
Al30Mg27Ti43,0
Al36Mg0Ti64,0
Al36Mg15Ti49,0
Al37Mg20Ti43,0
Al47Mg17Ti36,0
Al55Mg18Ti27,0
Al55Mg23Ti22,0
Al60Mg13Ti27,0
Al68Mg13Ti19,0
Al70Mg3Ti27,0
Al77Mg3Ti20,0
Al84Mg0Ti16,0
Al0Mg0Ti1,0
Al0Mg52Ti48,0
Al0Mg77Ti23,0
Al0Mg83Ti17,0
Al0Mg1Ti0,0
Al5Mg60Ti35,0
Al6Mg66Ti28,0
Al9Mg41Ti50,0
Al9Mg51Ti40,0
Al11Mg22Ti67,0
Al14Mg46Ti40,0
Al15Mg31Ti54,0
Al16Mg23Ti61,0
Al19Mg46Ti35,0
Al20Mg36Ti44,0
Al20Mg39Ti41,0
Al23Mg17Ti60,0
Al50Mg22Ti28,0
Al67Mg33Ti0,0
Al85Mg15Ti0,0
Al87Mg0Ti13,0
Al100Mg0Ti0,0
Al53Mo31Si16,1
Al54Mo46Si0,1
Al63Mo31Si6,1
Al66Mo34Si0,1
Al34Mo45Si21,1
Al0Ni28Ti72,1
Al0Ni38Ti62,1
Al0Ni63Ti37,1
Al0Ni68Ti32,1
Al18Ni42Ti40,1
Al23Ni35Ti42,1
Al25Ni30Ti45,1
Al26Ni44Ti30,1
Al29Ni29Ti42,1
Al29Ni52Ti19,1
Al30Ni25Ti45,1
Al35Ni7Ti58,1
Al35Ni48Ti17,1
Al36Ni19Ti45,1
Al36Ni28Ti36,1
Al38Ni30Ti32,1
Al38Ni32Ti30,1
Al40Ni37Ti23,1
Al40Ni44Ti16,1
Al42Ni14Ti44,1
Al43Ni17Ti40,1
Al43Ni35Ti22,1
Al44Ni14Ti42,1
Al45Ni7Ti48,1
Al45Ni25Ti30,1
Al45Ni42Ti13,1
Al46Ni0Ti54,1
Al47Ni37Ti16,1
Al50Ni25Ti25,1
Al51Ni7Ti42,1
Al52Ni11Ti37,1
Al53Ni25Ti22,1
Al54Ni12Ti34,1
Al57Ni0Ti43,1
Al57Ni17Ti26,1
Al59Ni0Ti41,1
Al59Ni9Ti32,1
Al60Ni30Ti10,1
Al62Ni0Ti38,1
Al63Ni14Ti23,1
Al66Ni0Ti34,1
Al67Ni10Ti23,1
Al68Ni0Ti32,1
Al70Ni17Ti13,1
Al72Ni17Ti11,1
Al0Ni72Ti28,0
Al36Ni0Ti64,0
Al54Ni41Ti5,0
Al90Ni0Ti10,0
Al0Ni0Ti1,0
Al0Ni84Ti16,0
Al0Ni1Ti0,0
Al28Ni72Ti0,0
Al41Ni54Ti5,0
Al92Ni0Ti8,0
Al1Ni0Ti0,0
B10F11Fe79,1
B10F12Fe78,1
B10F13Fe77,1
B16F2Fe82,1
B17F2Fe81,1
B17.5F17.5Fe65,1
B18F7Fe75,1
B19F0Fe81,1
B20F1.5Fe78.5,1
B20F15Fe65,1
B21F0Fe79,1
B22.5F12.5Fe65,1
B24F0Fe76,1
B25F15Fe60,1
B29F0Fe71,1
B31.5F3.5Fe65,1
B35F0Fe65,1
B35F5Fe60,1
B37F0Fe63,1
B38F2Fe60,1
B39F0Fe61,1
B7F33Fe60,0
B8F33Fe59,0
B10F31Fe59,0
B14F28Fe58,0
B18F26Fe56,0
B4F16Fe80,0
B5F0Fe95,0
B6F5Fe89,0
B7F2Fe91,0
B2.3Fe87.9Hf9.8,1
B12Fe86N2,1
B20Fe74N6,1
B24Fe66N10,1
B24.5Fe52.5N23,1
B32Fe36N32,1
B33Fe42N25,1
B38Fe20N42,1
B29Fe64N7,1
B9.4Fe80.3Nb10.3,1
B11Fe79.9Nb9.1,1
B11.3Fe81.1Nb7.6,1
B11.5Fe79.6Nb8.9,1
B12.9Fe77.5Nb9.6,1
B13.1Fe79.9Nb7,1
B13.1Fe80Nb6.9,1
B13.2Fe77.5Nb9.3,1
B13.2Fe78.5Nb8.3,1
B13.2Fe79.5Nb7.3,1
B13.4Fe77Nb9.6,1
B13.8Fe78.4Nb7.8,1
B14.2Fe77.5Nb8.3,1
B14.2Fe78.1Nb7.7,1
B14.3Fe78.7Nb7,1
B14.5Fe80.2Nb5.3,1
B15Fe75.2Nb9.8,1
B15Fe77.9Nb7.1,1
B15.2Fe77.5Nb7.3,1
B15.3Fe76Nb8.7,1
B17Fe75Nb8,1
B17.2Fe76Nb6.8,1
B9.5Fe83Nb7.5,0
B9.5Fe83.4Nb7.1,0
B10.6Fe82.3Nb7.1,0
B13Fe81.5Nb5.5,0
B9Fe85.5Nb5.5,0
B13Fe79Nb8,1
B0Fe65Nd35,1
B0Fe70Nd30,1
B0Fe90Nd10,1
B10Fe70Nd20,1
B7.5Fe82.5Nd10,1
B15Fe70Nd15,1
B15Fe85Ni0,1
B18Fe77Sm5,1
B19.7Fe79Sm1.3,1
B18Fe77Tb5,1
B19.7Fe79Tb1.3,1
B0Fe85Zr15,1
B2.5Fe89.5Zr8,1
B4.5Fe84Zr11.5,1
B8.5Fe84.5Zr7,1
B14.5Fe80Zr5.5,1
B21Fe75Zr4,1
B7Fe90Zr3,0
B0Fe93Zr7,0
B4Fe93Zr3,0
B0Mo60Ru40,1
B8Mo55.5Ru36.5,1
B15Mo51Ru34,1
B24Mo46Ru30,1
Ce0Cu28Yb72,1
Ce0Cu78Yb22,1
Ce0Cu82Yb18,1
Ce20.56Cu51.02Yb28.42,1
Ce25.73Cu54.05Yb20.22,1
Co73Fe12Nb15,1
Co79Fe6Nb15,1
Co81Fe4Nb15,1
Co83Fe2Nb15,1
Co85Fe0Nb15,1
Co12.5Fe72.5Nb15,1
Co25Fe60Nb15,1
Co42.5Fe42.5Nb15,1
Co59Fe26Nb15,1
Co75Fe10Nb15,1
Co81.5Fe3.5Nb15,1
Co7Fe63Tb30,1
Co8.5Fe76.5Tb15,1
Co66Mn19Nb15,1
Co73Mn12Nb15,1
Co75Mn10Nb15,1
Co77Mn8Nb15,1
Co79Mn6Nb15,1
Co81Mn4Nb15,1
Co83Mn2Nb15,1
Co85Mn0Nb15,1
Co73Nb15Ni12,1
Co85Nb15Ni0,1
Co80Nb10Zr10,1
Co89Nb8.5Zr2.5,1
Cr1Ge18Pd81,1
Cr3Ge18Pd79,1
Cr4Ge18Pd78,1
Cr5Ge18Pd77,1
Cr7Ge18Pd75,1
Cr0Mo41Ni59,1
Cr0Mo53Ni47,1
Cr0Mo69Ni31,1
Cr19Mo19Ni62,1
Cr22Mo57Ni21,1
Cr23Mo43Ni34,1
Cr32Mo25Ni43,1
Cr35Mo38Ni27,1
Cr38Mo25Ni37,1
Cr39Mo33Ni28,1
Cr40Mo44Ni16,1
Cr42Mo27Ni31,1
Cr46Mo20Ni34,1
Cr48Mo26Ni26,1
Cr48Mo30Ni22,1
Cr52Mo10Ni38,1
Cr52Mo12Ni36,1
Cr53Mo29Ni18,1
Cr54Mo16Ni30,1
Cr54Mo30Ni16,1
Cr56Mo5Ni39,1
Cr22Mo61Ni17,0
Cr19Mo66Ni15,0
Fe46.2Hf18.2O35.6,1
Fe50.2Hf13.7O36.1,1
Fe51.5Hf12.2O36.3,0
Fe54.9Hf11O34.1,0
Fe48.9Hf9.5O41.6,0
Fe88.4Hf2.1O9.5,0
Fe50Hf10Ta40,1
Fe50Hf20Ta30,1
Fe50Hf30Ta20,1
Fe50Hf40Ta10,1
Fe50Hf50Ta0,1
Fe63Hf37Ta0,1
Fe64Hf8Ta28,1
Fe65Hf4Ta31,1
Fe70Hf13Ta17,1
Fe72Hf19Ta9,1
Fe76Hf22Ta2,1
Ge18Mn1Pd81,1
Ge18Mn2Pd80,1
Ge18Mn5Pd77,1
Ge18Mn7Pd75,1
Al100Ca0,0
Al99Ca1,0
Al98Ca2,0
Al97Ca3,0
Al96Ca4,0
Al95Ca5,0
Al94Ca6,0
Al93Ca7,0
Al92Ca8,0
Al91Ca9,1
Al90Ca10,1
Al89Ca11,1
Al88Ca12,0
Al87Ca13,0
Al86Ca14,0
Al85Ca15,0
Al84Ca16,0
Al83Ca17,0
Al82Ca18,0
Al81Ca19,0
Al80Ca20,0
Al79Ca21,0
Al78Ca22,0
Al77Ca23,0
Al76Ca24,0
Al75Ca25,0
Al74Ca26,0
Al73Ca27,0
Al72Ca28,0
Al71Ca29,0
Al70Ca30,0
Al69Ca31,0
Al68Ca32,0
Al67Ca33,0
Al66Ca34,0
Al65Ca35,0
Al64Ca36,0
Al63Ca37,0
Al62Ca38,0
Al61Ca39,0
Al60Ca40,0
Al59Ca41,0
Al58Ca42,0
Al57Ca43,0
Al56Ca44,0
Al55Ca45,0
Al54Ca46,0
Al53Ca47,0
Al52Ca48,0
Al51Ca49,0
Al50Ca50,0
Al49Ca51,0
Al48Ca52,0
Al47Ca53,0
Al46Ca54,0
Al45Ca55,0
Al44Ca56,0
Al43Ca57,0
Al42Ca58,0
Al41Ca59,0
Al40Ca60,0
Al39Ca61,0
Al38Ca62,0
Al37Ca63,0
Al36Ca64,0
Al35Ca65,0
Al34Ca66,0
Al33Ca67,0
Al32Ca68,0
Al31Ca69,0
Al30Ca70,0
Al29Ca71,0
Al28Ca72,0
Al27Ca73,0
Al26Ca74,0
Al25Ca75,0
Al24Ca76,0
Al23Ca77,0
Al22Ca78,0
Al21Ca79,0
Al20Ca80,0
Al19Ca81,0
Al18Ca82,0
Al17Ca83,0
Al16Ca84,0
Al15Ca85,0
Al14Ca86,0
Al13Ca87,0
Al12Ca88,0
Al11Ca89,0
Al10Ca90,0
Al9Ca91,0
Al8Ca92,0
Al7Ca93,0
Al6Ca94,0
Al5Ca95,0
Al4Ca96,0
Al3Ca97,0
Al2Ca98,0
Al1Ca99,0
Al0Ca100,0
Al91Ca9,0
Al90Ca10,0
Al89Ca11,0
Al45Ca55,1
Al44Ca56,1
Al43Ca57,1
Al42Ca58,1
Al41Ca59,1
Al40Ca60,1
Al39Ca61,1
Al38Ca62,1
Al37Ca63,1
Al36Ca64,1
Al35Ca65,1
Al34Ca66,1
Al33Ca67,1
Al32Ca68,1
Al31Ca69,1
Al30Ca70,1
Al29Ca71,1
Al28Ca72,1
Al27Ca73,1
Al26Ca74,1
Al25Ca75,1
Al24Ca76,1
Al23Ca77,1
Al22Ca78,1
Al21Ca79,1
Al20Ca80,1
Al19Ca81,1
Al18Ca82,1
Al17Ca83,1
Al16Ca84,1
Al15Ca85,1
Al100Ce0,0
Al99Ce1,0
Al98Ce2,0
Al97Ce3,0
Al96Ce4,0
Al95Ce5,0
Al94Ce6,0
Al93Ce7,1
Al92Ce8,1
Al91Ce9,1
Al90Ce10,1
Al89Ce11,1
Al88Ce12,1
Al87Ce13,0
Al86Ce14,0
Al85Ce15,0
Al84Ce16,0
Al83Ce17,0
Al82Ce18,0
Al81Ce19,0
Al80Ce20,0
Al79Ce21,0
Al78Ce22,0
Al77Ce23,0
Al76Ce24,0
Al75Ce25,0
Al74Ce26,0
Al73Ce27,0
Al72Ce28,0
Al71Ce29,0
Al70Ce30,0
Al69Ce31,0
Al68Ce32,0
Al67Ce33,0
Al66Ce34,0
Al65Ce35,0
Al64Ce36,0
Al63Ce37,0
Al62Ce38,0
Al61Ce39,0
Al60Ce40,0
Al59Ce41,0
Al58Ce42,0
Al57Ce43,0
Al56Ce44,0
Al55Ce45,0
Al54Ce46,0
Al53Ce47,0
Al52Ce48,0
Al51Ce49,0
Al50Ce50,0
Al49Ce51,0
Al48Ce52,0
Al47Ce53,0
Al46Ce54,0
Al45Ce55,0
Al44Ce56,0
Al43Ce57,0
Al42Ce58,0
Al41Ce59,0
Al40Ce60,0
Al39Ce61,0
Al38Ce62,0
Al37Ce63,0
Al36Ce64,0
Al35Ce65,0
Al34Ce66,0
Al33Ce67,0
Al32Ce68,0
Al31Ce69,0
Al30Ce70,0
Al29Ce71,0
Al28Ce72,0
Al27Ce73,0
Al26Ce74,0
Al25Ce75,0
Al24Ce76,0
Al23Ce77,0
Al22Ce78,0
Al21Ce79,0
Al20Ce80,0
Al19Ce81,0
Al18Ce82,0
Al17Ce83,0
Al16Ce84,0
Al15Ce85,0
Al14Ce86,0
Al13Ce87,0
Al12Ce88,0
Al11Ce89,0
Al10Ce90,0
Al9Ce91,0
Al8Ce92,0
Al7Ce93,0
Al6Ce94,0
Al5Ce95,0
Al4Ce96,0
Al3Ce97,0
Al2Ce98,0
Al1Ce99,0
Al0Ce100,0
Al100Dy0,0
Al99Dy1,0
Al98Dy2,0
Al97Dy3,0
Al96Dy4,0
Al95Dy5,0
Al94Dy6,0
Al93Dy7,0
Al92Dy8,0
Al91Dy9,1
Al90Dy10,1
Al89Dy11,1
Al88Dy12,1
Al87Dy13,0
Al86Dy14,0
Al85Dy15,0
Al84Dy16,0
Al83Dy17,0
Al82Dy18,0
Al81Dy19,0
Al80Dy20,0
Al79Dy21,0
Al78Dy22,0
Al77Dy23,0
Al76Dy24,0
Al75Dy25,0
Al74Dy26,0
Al73Dy27,0
Al72Dy28,0
Al71Dy29,0
Al70Dy30,0
Al69Dy31,0
Al68Dy32,0
Al67Dy33,0
Al66Dy34,0
Al65Dy35,0
Al64Dy36,0
Al63Dy37,0
Al62Dy38,0
Al61Dy39,0
Al60Dy40,0
Al59Dy41,0
Al58Dy42,0
Al57Dy43,0
Al56Dy44,0
Al55Dy45,0
Al54Dy46,0
Al53Dy47,0
Al52Dy48,0
Al51Dy49,0
Al50Dy50,0
Al49Dy51,0
Al48Dy52,0
Al47Dy53,0
Al46Dy54,0
Al45Dy55,0
Al44Dy56,0
Al43Dy57,0
Al42Dy58,0
Al41Dy59,0
Al40Dy60,0
Al39Dy61,0
Al38Dy62,0
Al37Dy63,0
Al36Dy64,0
Al35Dy65,0
Al34Dy66,0
Al33Dy67,0
Al32Dy68,0
Al31Dy69,0
Al30Dy70,0
Al29Dy71,0
Al28Dy72,0
Al27Dy73,0
Al26Dy74,0
Al25Dy75,0
Al24Dy76,0
Al23Dy77,0
Al22Dy78,0
Al21Dy79,0
Al20Dy80,0
Al19Dy81,0
Al18Dy82,0
Al17Dy83,0
Al16Dy84,0
Al15Dy85,0
Al14Dy86,0
Al13Dy87,0
Al12Dy88,0
Al11Dy89,0
Al10Dy90,0
Al9Dy91,0
Al8Dy92,0
Al7Dy93,0
Al6Dy94,0
Al5Dy95,0
Al4Dy96,0
Al3Dy97,0
Al2Dy98,0
Al1Dy99,0
Al0Dy100,0
Al100Er0,0
Al99Er1,0
Al98Er2,0
Al97Er3,0
Al96Er4,0
Al95Er5,0
Al94Er6,0
Al93Er7,0
Al92Er8,0
Al91Er9,1
Al90Er10,1
Al89Er11,1
Al88Er12,1
Al87Er13,0
Al86Er14,0
Al85Er15,0
Al84Er16,0
Al83Er17,0
Al82Er18,0
Al81Er19,0
Al80Er20,0
Al79Er21,0
Al78Er22,0
Al77Er23,0
Al76Er24,0
Al75Er25,0
Al74Er26,0
Al73Er27,0
Al72Er28,0
Al71Er29,0
Al70Er30,0
Al69Er31,0
Al68Er32,0
Al67Er33,0
Al66Er34,0
Al65Er35,0
Al64Er36,0
Al63Er37,0
Al62Er38,0
Al61Er39,0
Al60Er40,0
Al59Er41,0
Al58Er42,0
Al57Er43,0
Al56Er44,0
Al55Er45,0
Al54Er46,0
Al53Er47,0
Al52Er48,0
Al51Er49,0
Al50Er50,0
Al49Er51,0
Al48Er52,0
Al47Er53,0
Al46Er54,0
Al45Er55,0
Al44Er56,0
Al43Er57,0
Al42Er58,0
Al41Er59,0
Al40Er60,0
Al39Er61,0
Al38Er62,0
Al37Er63,0
Al36Er64,0
Al35Er65,0
Al34Er66,0
Al33Er67,0
Al32Er68,0
Al31Er69,0
Al30Er70,0
Al29Er71,0
Al28Er72,0
Al27Er73,0
Al26Er74,0
Al25Er75,0
Al24Er76,0
Al23Er77,0
Al22Er78,0
Al21Er79,0
Al20Er80,0
Al19Er81,0
Al18Er82,0
Al17Er83,0
Al16Er84,0
Al15Er85,0
Al14Er86,0
Al13Er87,0
Al12Er88,0
Al11Er89,0
Al10Er90,0
Al9Er91,0
Al8Er92,0
Al7Er93,0
Al6Er94,0
Al5Er95,0
Al4Er96,0
Al3Er97,0
Al2Er98,0
Al1Er99,0
Al0Er100,0
Al100Gd0,0
Al99Gd1,0
Al98Gd2,0
Al97Gd3,0
Al96Gd4,0
Al95Gd5,0
Al94Gd6,0
Al93Gd7,0
Al92Gd8,1
Al91Gd9,1
Al90Gd10,1
Al89Gd11,1
Al88Gd12,1
Al87Gd13,0
Al86Gd14,0
Al85Gd15,0
Al84Gd16,0
Al83Gd17,0
Al82Gd18,0
Al81Gd19,0
Al80Gd20,0
Al79Gd21,0
Al78Gd22,0
Al77Gd23,0
Al76Gd24,0
Al75Gd25,0
Al74Gd26,0
Al73Gd27,0
Al72Gd28,0
Al71Gd29,0
Al70Gd30,0
Al69Gd31,0
Al68Gd32,0
Al67Gd33,0
Al66Gd34,0
Al65Gd35,0
Al64Gd36,0
Al63Gd37,0
Al62Gd38,0
Al61Gd39,0
Al60Gd40,0
Al59Gd41,0
Al58Gd42,0
Al57Gd43,0
Al56Gd44,0
Al55Gd45,0
Al54Gd46,0
Al53Gd47,0
Al52Gd48,0
Al51Gd49,0
Al50Gd50,0
Al49Gd51,0
Al48Gd52,0
Al47Gd53,0
Al46Gd54,0
Al45Gd55,0
Al44Gd56,0
Al43Gd57,0
Al42Gd58,0
Al41Gd59,0
Al40Gd60,0
Al39Gd61,0
Al38Gd62,0
Al37Gd63,0
Al36Gd64,0
Al35Gd65,0
Al34Gd66,0
Al33Gd67,0
Al32Gd68,0
Al31Gd69,0
Al30Gd70,0
Al29Gd71,0
Al28Gd72,0
Al27Gd73,0
Al26Gd74,0
Al25Gd75,0
Al24Gd76,0
Al23Gd77,0
Al22Gd78,0
Al21Gd79,0
Al20Gd80,0
Al19Gd81,0
Al18Gd82,0
Al17Gd83,0
Al16Gd84,0
Al15Gd85,0
Al14Gd86,0
Al13Gd87,0
Al12Gd88,0
Al11Gd89,0
Al10Gd90,0
Al9Gd91,0
Al8Gd92,0
Al7Gd93,0
Al6Gd94,0
Al5Gd95,0
Al4Gd96,0
Al3Gd97,0
Al2Gd98,0
Al1Gd99,0
Al0Gd100,0
Al100Ho0,0
Al99Ho1,0
Al98Ho2,0
Al97Ho3,0
Al96Ho4,0
Al95Ho5,0
Al94Ho6,0
Al93Ho7,0
Al92Ho8,0
Al91Ho9,1
Al90Ho10,1
Al89Ho11,1
Al88Ho12,1
Al87Ho13,0
Al86Ho14,0
Al85Ho15,0
Al84Ho16,0
Al83Ho17,0
Al82Ho18,0
Al81Ho19,0
Al80Ho20,0
Al79Ho21,0
Al78Ho22,0
Al77Ho23,0
Al76Ho24,0
Al75Ho25,0
Al74Ho26,0
Al73Ho27,0
Al72Ho28,0
Al71Ho29,0
Al70Ho30,0
Al69Ho31,0
Al68Ho32,0
Al67Ho33,0
Al66Ho34,0
Al65Ho35,0
Al64Ho36,0
Al63Ho37,0
Al62Ho38,0
Al61Ho39,0
Al60Ho40,0
Al59Ho41,0
Al58Ho42,0
Al57Ho43,0
Al56Ho44,0
Al55Ho45,0
Al54Ho46,0
Al53Ho47,0
Al52Ho48,0
Al51Ho49,0
Al50Ho50,0
Al49Ho51,0
Al48Ho52,0
Al47Ho53,0
Al46Ho54,0
Al45Ho55,0
Al44Ho56,0
Al43Ho57,0
Al42Ho58,0
Al41Ho59,0
Al40Ho60,0
Al39Ho61,0
Al38Ho62,0
Al37Ho63,0
Al36Ho64,0
Al35Ho65,0
Al34Ho66,0
Al33Ho67,0
Al32Ho68,0
Al31Ho69,0
Al30Ho70,0
Al29Ho71,0
Al28Ho72,0
Al27Ho73,0
Al26Ho74,0
Al25Ho75,0
Al24Ho76,0
Al23Ho77,0
Al22Ho78,0
Al21Ho79,0
Al20Ho80,0
Al19Ho81,0
Al18Ho82,0
Al17Ho83,0
Al16Ho84,0
Al15Ho85,0
Al14Ho86,0
Al13Ho87,0
Al12Ho88,0
Al11Ho89,0
Al10Ho90,0
Al9Ho91,0
Al8Ho92,0
Al7Ho93,0
Al6Ho94,0
Al5Ho95,0
Al4Ho96,0
Al3Ho97,0
Al2Ho98,0
Al1Ho99,0
Al0Ho100,0
Al100La0,0
Al99La1,0
Al98La2,0
Al97La3,0
Al96La4,0
Al95La5,0
Al94La6,0
Al93La7,1
Al92La8,1
Al91La9,1
Al90La10,1
Al89La11,1
Al88La12,1
Al87La13,1
Al86La14,1
Al85La15,0
Al84La16,0
Al83La17,0
Al82La18,0
Al81La19,0
Al80La20,0
Al79La21,0
Al78La22,0
Al77La23,0
Al76La24,0
Al75La25,0
Al74La26,0
Al73La27,0
Al72La28,0
Al71La29,0
Al70La30,0
Al69La31,0
Al68La32,0
Al67La33,0
Al66La34,0
Al65La35,0
Al64La36,0
Al63La37,0
Al62La38,0
Al61La39,0
Al60La40,0
Al59La41,0
Al58La42,0
Al57La43,0
Al56La44,0
Al55La45,0
Al54La46,0
Al53La47,0
Al52La48,0
Al51La49,0
Al50La50,0
Al49La51,0
Al48La52,0
Al47La53,0
Al46La54,0
Al45La55,0
Al44La56,0
Al43La57,0
Al42La58,0
Al41La59,0
Al40La60,0
Al39La61,0
Al38La62,0
Al37La63,0
Al36La64,0
Al35La65,0
Al34La66,0
Al33La67,0
Al32La68,0
Al31La69,0
Al30La70,0
Al29La71,0
Al28La72,0
Al27La73,0
Al26La74,0
Al25La75,0
Al24La76,0
Al23La77,0
Al22La78,0
Al21La79,0
Al20La80,0
Al19La81,0
Al18La82,0
Al17La83,0
Al16La84,0
Al15La85,0
Al14La86,0
Al13La87,0
Al12La88,0
Al11La89,0
Al10La90,0
Al9La91,0
Al8La92,0
Al7La93,0
Al6La94,0
Al5La95,0
Al4La96,0
Al3La97,0
Al2La98,0
Al1La99,0
Al0La100,0
Al93La7,0
Al92La8,0
Al91La9,0
Al90La10,0
Al89La11,0
Al88La12,0
Al87La13,0
Al86La14,0
Al55La45,1
Al54La46,1
Al53La47,1
Al52La48,1
Al51La49,1
Al50La50,1
Al49La51,1
Al48La52,1
Al47La53,1
Al46La54,1
Al45La55,1
Al44La56,1
Al43La57,1
Al42La58,1
Al41La59,1
Al40La60,1
Al39La61,1
Al38La62,1
Al37La63,1
Al36La64,1
Al35La65,1
Al34La66,1
Al33La67,1
Al32La68,1
Al31La69,1
Al30La70,1
Al29La71,1
Al28La72,1
Al27La73,1
Al26La74,1
Al25La75,1
Al24La76,1
Al23La77,1
Al22La78,1
Al21La79,1
Al20La80,1
Al19La81,1
Al18La82,1
Al17La83,1
Al16La84,1
Al15La85,1
Al14La86,1
Al13La87,1
Al100Mn0,0
Al99Mn1,0
Al98Mn2,0
Al97Mn3,0
Al96Mn4,0
Al95Mn5,0
Al94Mn6,0
Al93Mn7,0
Al92Mn8,0
Al91Mn9,0
Al90Mn10,0
Al89Mn11,0
Al88Mn12,0
Al87Mn13,0
Al86Mn14,0
Al85Mn15,1
Al84Mn16,1
Al83Mn17,1
Al82Mn18,1
Al81Mn19,1
Al80Mn20,1
Al79Mn21,1
Al78Mn22,1
Al77Mn23,1
Al76Mn24,1
Al75Mn25,1
Al74Mn26,0
Al73Mn27,0
Al72Mn28,0
Al71Mn29,0
Al70Mn30,0
Al69Mn31,0
Al68Mn32,0
Al67Mn33,0
Al66Mn34,0
Al65Mn35,0
Al64Mn36,0
Al63Mn37,0
Al62Mn38,0
Al61Mn39,0
Al60Mn40,0
Al59Mn41,0
Al58Mn42,0
Al57Mn43,0
Al56Mn44,0
Al55Mn45,0
Al54Mn46,0
Al53Mn47,0
Al52Mn48,0
Al51Mn49,0
Al50Mn50,0
Al49Mn51,0
Al48Mn52,0
Al47Mn53,0
Al46Mn54,0
Al45Mn55,0
Al44Mn56,0
Al43Mn57,0
Al42Mn58,0
Al41Mn59,0
Al40Mn60,0
Al39Mn61,0
Al38Mn62,0
Al37Mn63,0
Al36Mn64,0
Al35Mn65,0
Al34Mn66,0
Al33Mn67,0
Al32Mn68,0
Al31Mn69,0
Al30Mn70,0
Al29Mn71,0
Al28Mn72,0
Al27Mn73,0
Al26Mn74,0
Al25Mn75,0
Al24Mn76,0
Al23Mn77,0
Al22Mn78,0
Al21Mn79,0
Al20Mn80,0
Al19Mn81,0
Al18Mn82,0
Al17Mn83,0
Al16Mn84,0
Al15Mn85,0
Al14Mn86,0
Al13Mn87,0
Al12Mn88,0
Al11Mn89,0
Al10Mn90,0
Al9Mn91,0
Al8Mn92,0
Al7Mn93,0
Al6Mn94,0
Al5Mn95,0
Al4Mn96,0
Al3Mn97,0
Al2Mn98,0
Al1Mn99,0
Al0Mn100,0
Al100Nd0,0
Al99Nd1,0
Al98Nd2,0
Al97Nd3,0
Al96Nd4,0
Al95Nd5,0
Al94Nd6,0
Al93Nd7,0
Al92Nd8,1
Al91Nd9,1
Al90Nd10,1
Al89Nd11,1
Al88Nd12,1
Al87Nd13,1
Al86Nd14,1
Al85Nd15,0
Al84Nd16,0
Al83Nd17,0
Al82Nd18,0
Al81Nd19,0
Al80Nd20,0
Al79Nd21,0
Al78Nd22,0
Al77Nd23,0
Al76Nd24,0
Al75Nd25,0
Al74Nd26,0
Al73Nd27,0
Al72Nd28,0
Al71Nd29,0
Al70Nd30,0
Al69Nd31,0
Al68Nd32,0
Al67Nd33,0
Al66Nd34,0
Al65Nd35,0
Al64Nd36,0
Al63Nd37,0
Al62Nd38,0
Al61Nd39,0
Al60Nd40,0
Al59Nd41,0
Al58Nd42,0
Al57Nd43,0
Al56Nd44,0
Al55Nd45,0
Al54Nd46,0
Al53Nd47,0
Al52Nd48,0
Al51Nd49,0
Al50Nd50,0
Al49Nd51,0
Al48Nd52,0
Al47Nd53,0
Al46Nd54,0
Al45Nd55,0
Al44Nd56,0
Al43Nd57,0
Al42Nd58,0
Al41Nd59,0
Al40Nd60,0
Al39Nd61,0
Al38Nd62,0
Al37Nd63,0
Al36Nd64,0
Al35Nd65,0
Al34Nd66,0
Al33Nd67,0
Al32Nd68,0
Al31Nd69,0
Al30Nd70,0
Al29Nd71,0
Al28Nd72,0
Al27Nd73,0
Al26Nd74,0
Al25Nd75,0
Al24Nd76,0
Al23Nd77,0
Al22Nd78,0
Al21Nd79,0
Al20Nd80,0
Al19Nd81,0
Al18Nd82,0
Al17Nd83,0
Al16Nd84,0
Al15Nd85,0
Al14Nd86,0
Al13Nd87,0
Al12Nd88,0
Al11Nd89,0
Al10Nd90,0
Al9Nd91,0
Al8Nd92,0
Al7Nd93,0
Al6Nd94,0
Al5Nd95,0
Al4Nd96,0
Al3Nd97,0
Al2Nd98,0
Al1Nd99,0
Al0Nd100,0
Al100Pr0,0
Al99Pr1,0
Al98Pr2,0
Al97Pr3,0
Al96Pr4,0
Al95Pr5,0
Al94Pr6,0
Al93Pr7,0
Al92Pr8,0
Al91Pr9,1
Al90Pr10,1
Al89Pr11,1
Al88Pr12,0
Al87Pr13,0
Al86Pr14,0
Al85Pr15,0
Al84Pr16,0
Al83Pr17,0
Al82Pr18,0
Al81Pr19,0
Al80Pr20,0
Al79Pr21,0
Al78Pr22,0
Al77Pr23,0
Al76Pr24,0
Al75Pr25,0
Al74Pr26,0
Al73Pr27,0
Al72Pr28,0
Al71Pr29,0
Al70Pr30,0
Al69Pr31,0
Al68Pr32,0
Al67Pr33,0
Al66Pr34,0
Al65Pr35,0
Al64Pr36,0
Al63Pr37,0
Al62Pr38,0
Al61Pr39,0
Al60Pr40,0
Al59Pr41,0
Al58Pr42,0
Al57Pr43,0
Al56Pr44,0
Al55Pr45,0
Al54Pr46,0
Al53Pr47,0
Al52Pr48,0
Al51Pr49,0
Al50Pr50,0
Al49Pr51,0
Al48Pr52,0
Al47Pr53,0
Al46Pr54,0
Al45Pr55,0
Al44Pr56,0
Al43Pr57,0
Al42Pr58,0
Al41Pr59,0
Al40Pr60,0
Al39Pr61,0
Al38Pr62,0
Al37Pr63,0
Al36Pr64,0
Al35Pr65,0
Al34Pr66,0
Al33Pr67,0
Al32Pr68,0
Al31Pr69,0
Al30Pr70,0
Al29Pr71,0
Al28Pr72,0
Al27Pr73,0
Al26Pr74,0
Al25Pr75,0
Al24Pr76,0
Al23Pr77,0
Al22Pr78,0
Al21Pr79,0
Al20Pr80,0
Al19Pr81,0
Al18Pr82,0
Al17Pr83,0
Al16Pr84,0
Al15Pr85,0
Al14Pr86,0
Al13Pr87,0
Al12Pr88,0
Al11Pr89,0
Al10Pr90,0
Al9Pr91,0
Al8Pr92,0
Al7Pr93,0
Al6Pr94,0
Al5Pr95,0
Al4Pr96,0
Al3Pr97,0
Al2Pr98,0
Al1Pr99,0
Al0Pr100,0
Al100Sm0,0
Al99Sm1,0
Al98Sm2,0
Al97Sm3,0
Al96Sm4,0
Al95Sm5,0
Al94Sm6,0
Al93Sm7,0
Al92Sm8,1
Al91Sm9,1
Al90Sm10,1
Al89Sm11,1
Al88Sm12,1
Al87Sm13,1
Al86Sm14,1
Al85Sm15,1
Al84Sm16,1
Al83Sm17,0
Al82Sm18,0
Al81Sm19,0
Al80Sm20,0
Al79Sm21,0
Al78Sm22,0
Al77Sm23,0
Al76Sm24,0
Al75Sm25,0
Al74Sm26,0
Al73Sm27,0
Al72Sm28,0
Al71Sm29,0
Al70Sm30,0
Al69Sm31,0
Al68Sm32,0
Al67Sm33,0
Al66Sm34,0
Al65Sm35,0
Al64Sm36,0
Al63Sm37,0
Al62Sm38,0
Al61Sm39,0
Al60Sm40,0
Al59Sm41,0
Al58Sm42,0
Al57Sm43,0
Al56Sm44,0
Al55Sm45,0
Al54Sm46,0
Al53Sm47,0
Al52Sm48,0
Al51Sm49,0
Al50Sm50,0
Al49Sm51,0
Al48Sm52,0
Al47Sm53,0
Al46Sm54,0
Al45Sm55,0
Al44Sm56,0
Al43Sm57,0
Al42Sm58,0
Al41Sm59,0
Al40Sm60,0
Al39Sm61,0
Al38Sm62,0
Al37Sm63,0
Al36Sm64,0
Al35Sm65,0
Al34Sm66,0
Al33Sm67,0
Al32Sm68,0
Al31Sm69,0
Al30Sm70,0
Al29Sm71,0
Al28Sm72,0
Al27Sm73,0
Al26Sm74,0
Al25Sm75,0
Al24Sm76,0
Al23Sm77,0
Al22Sm78,0
Al21Sm79,0
Al20Sm80,0
Al19Sm81,0
Al18Sm82,0
Al17Sm83,0
Al16Sm84,0
Al15Sm85,0
Al14Sm86,0
Al13Sm87,0
Al12Sm88,0
Al11Sm89,0
Al10Sm90,0
Al9Sm91,0
Al8Sm92,0
Al7Sm93,0
Al6Sm94,0
Al5Sm95,0
Al4Sm96,0
Al3Sm97,0
Al2Sm98,0
Al1Sm99,0
Al0Sm100,0
Al100Tb0,0
Al99Tb1,0
Al98Tb2,0
Al97Tb3,0
Al96Tb4,0
Al95Tb5,0
Al94Tb6,0
Al93Tb7,0
Al92Tb8,0
Al91Tb9,1
Al90Tb10,1
Al89Tb11,1
Al88Tb12,1
Al87Tb13,1
Al86Tb14,1
Al85Tb15,0
Al84Tb16,0
Al83Tb17,0
Al82Tb18,0
Al81Tb19,0
Al80Tb20,0
Al79Tb21,0
Al78Tb22,0
Al77Tb23,0
Al76Tb24,0
Al75Tb25,0
Al74Tb26,0
Al73Tb27,0
Al72Tb28,0
Al71Tb29,0
Al70Tb30,0
Al69Tb31,0
Al68Tb32,0
Al67Tb33,0
Al66Tb34,0
Al65Tb35,0
Al64Tb36,0
Al63Tb37,0
Al62Tb38,0
Al61Tb39,0
Al60Tb40,0
Al59Tb41,0
Al58Tb42,0
Al57Tb43,0
Al56Tb44,0
Al55Tb45,0
Al54Tb46,0
Al53Tb47,0
Al52Tb48,0
Al51Tb49,0
Al50Tb50,0
Al49Tb51,0
Al48Tb52,0
Al47Tb53,0
Al46Tb54,0
Al45Tb55,0
Al44Tb56,0
Al43Tb57,0
Al42Tb58,0
Al41Tb59,0
Al40Tb60,0
Al39Tb61,0
Al38Tb62,0
Al37Tb63,0
Al36Tb64,0
Al35Tb65,0
Al34Tb66,0
Al33Tb67,0
Al32Tb68,0
Al31Tb69,0
Al30Tb70,0
Al29Tb71,0
Al28Tb72,0
Al27Tb73,0
Al26Tb74,0
Al25Tb75,0
Al24Tb76,0
Al23Tb77,0
Al22Tb78,0
Al21Tb79,0
Al20Tb80,0
Al19Tb81,0
Al18Tb82,0
Al17Tb83,0
Al16Tb84,0
Al15Tb85,0
Al14Tb86,0
Al13Tb87,0
Al12Tb88,0
Al11Tb89,0
Al10Tb90,0
Al9Tb91,0
Al8Tb92,0
Al7Tb93,0
Al6Tb94,0
Al5Tb95,0
Al4Tb96,0
Al3Tb97,0
Al2Tb98,0
Al1Tb99,0
Al0Tb100,0
Al100Y0,0
Al99Y1,0
Al98Y2,0
Al97Y3,0
Al96Y4,0
Al95Y5,0
Al94Y6,0
Al93Y7,0
Al92Y8,1
Al91Y9,1
Al90Y10,1
Al89Y11,1
Al88Y12,1
Al87Y13,1
Al86Y14,1
Al85Y15,1
Al84Y16,0
Al83Y17,0
Al82Y18,0
Al81Y19,0
Al80Y20,0
Al79Y21,0
Al78Y22,0
Al77Y23,0
Al76Y24,0
Al75Y25,0
Al74Y26,0
Al73Y27,0
Al72Y28,0
Al71Y29,0
Al70Y30,0
Al69Y31,0
Al68Y32,0
Al67Y33,0
Al66Y34,0
Al65Y35,0
Al64Y36,0
Al63Y37,0
Al62Y38,0
Al61Y39,0
Al60Y40,0
Al59Y41,0
Al58Y42,0
Al57Y43,0
Al56Y44,0
Al55Y45,0
Al54Y46,0
Al53Y47,0
Al52Y48,0
Al51Y49,0
Al50Y50,0
Al49Y51,0
Al48Y52,0
Al47Y53,0
Al46Y54,0
Al45Y55,0
Al44Y56,0
Al43Y57,0
Al42Y58,0
Al41Y59,0
Al40Y60,0
Al39Y61,0
Al38Y62,0
Al37Y63,0
Al36Y64,0
Al35Y65,0
Al34Y66,0
Al33Y67,0
Al32Y68,0
Al31Y69,0
Al30Y70,0
Al29Y71,0
Al28Y72,0
Al27Y73,0
Al26Y74,0
Al25Y75,0
Al24Y76,0
Al23Y77,0
Al22Y78,0
Al21Y79,0
Al20Y80,0
Al19Y81,0
Al18Y82,0
Al17Y83,0
Al16Y84,0
Al15Y85,0
Al14Y86,0
Al13Y87,0
Al12Y88,0
Al11Y89,0
Al10Y90,0
Al9Y91,0
Al8Y92,0
Al7Y93,0
Al6Y94,0
Al5Y95,0
Al4Y96,0
Al3Y97,0
Al2Y98,0
Al1Y99,0
Al0Y100,0
Al100Yb0,0
Al99Yb1,0
Al98Yb2,0
Al97Yb3,0
Al96Yb4,0
Al95Yb5,0
Al94Yb6,0
Al93Yb7,0
Al92Yb8,0
Al91Yb9,1
Al90Yb10,1
Al89Yb11,1
Al88Yb12,1
Al87Yb13,1
Al86Yb14,0
Al85Yb15,0
Al84Yb16,0
Al83Yb17,0
Al82Yb18,0
Al81Yb19,0
Al80Yb20,0
Al79Yb21,0
Al78Yb22,0
Al77Yb23,0
Al76Yb24,0
Al75Yb25,0
Al74Yb26,0
Al73Yb27,0
Al72Yb28,0
Al71Yb29,0
Al70Yb30,0
Al69Yb31,0
Al68Yb32,0
Al67Yb33,0
Al66Yb34,0
Al65Yb35,0
Al64Yb36,0
Al63Yb37,0
Al62Yb38,0
Al61Yb39,0
Al60Yb40,0
Al59Yb41,0
Al58Yb42,0
Al57Yb43,0
Al56Yb44,0
Al55Yb45,0
Al54Yb46,0
Al53Yb47,0
Al52Yb48,0
Al51Yb49,0
Al50Yb50,0
Al49Yb51,0
Al48Yb52,0
Al47Yb53,0
Al46Yb54,0
Al45Yb55,0
Al44Yb56,0
Al43Yb57,0
Al42Yb58,0
Al41Yb59,0
Al40Yb60,0
Al39Yb61,0
Al38Yb62,0
Al37Yb63,0
Al36Yb64,0
Al35Yb65,0
Al34Yb66,0
Al33Yb67,0
Al32Yb68,0
Al31Yb69,0
Al30Yb70,0
Al29Yb71,0
Al28Yb72,0
Al27Yb73,0
Al26Yb74,0
Al25Yb75,0
Al24Yb76,0
Al23Yb77,0
Al22Yb78,0
Al21Yb79,0
Al20Yb80,0
Al19Yb81,0
Al18Yb82,0
Al17Yb83,0
Al16Yb84,0
Al15Yb85,0
Al14Yb86,0
Al13Yb87,0
Al12Yb88,0
Al11Yb89,0
Al10Yb90,0
Al9Yb91,0
Al8Yb92,0
Al7Yb93,0
Al6Yb94,0
Al5Yb95,0
Al4Yb96,0
Al3Yb97,0
Al2Yb98,0
Al1Yb99,0
Al0Yb100,0
Al100Ti0,0
Al99Ti1,0
Al98Ti2,0
Al97Ti3,0
Al96Ti4,0
Al95Ti5,0
Al94Ti6,0
Al93Ti7,0
Al92Ti8,0
Al91Ti9,0
Al90Ti10,0
Al89Ti11,0
Al88Ti12,0
Al87Ti13,0
Al86Ti14,0
Al85Ti15,0
Al84Ti16,0
Al83Ti17,0
Al82Ti18,0
Al81Ti19,0
Al80Ti20,0
Al79Ti21,0
Al78Ti22,0
Al77Ti23,0
Al76Ti24,0
Al75Ti25,0
Al74Ti26,0
Al73Ti27,0
Al72Ti28,0
Al71Ti29,0
Al70Ti30,0
Al69Ti31,0
Al68Ti32,0
Al67Ti33,0
Al66Ti34,1
Al65Ti35,1
Al64Ti36,1
Al63Ti37,1
Al62Ti38,1
Al61Ti39,1
Al60Ti40,1
Al59Ti41,1
Al58Ti42,1
Al57Ti43,1
Al56Ti44,1
Al55Ti45,1
Al54Ti46,1
Al53Ti47,1
Al52Ti48,1
Al51Ti49,1
Al50Ti50,1
Al49Ti51,1
Al48Ti52,1
Al47Ti53,1
Al46Ti54,1
Al45Ti55,0
Al44Ti56,0
Al43Ti57,0
Al42Ti58,0
Al41Ti59,0
Al40Ti60,0
Al39Ti61,0
Al38Ti62,0
Al37Ti63,0
Al36Ti64,0
Al35Ti65,0
Al34Ti66,0
Al33Ti67,0
Al32Ti68,0
Al31Ti69,0
Al30Ti70,0
Al29Ti71,0
Al28Ti72,0
Al27Ti73,0
Al26Ti74,0
Al25Ti75,0
Al24Ti76,0
Al23Ti77,0
Al22Ti78,0
Al21Ti79,0
Al20Ti80,0
Al19Ti81,0
Al18Ti82,0
Al17Ti83,0
Al16Ti84,0
Al15Ti85,0
Al14Ti86,0
Al13Ti87,0
Al12Ti88,0
Al11Ti89,0
Al10Ti90,0
Al9Ti91,0
Al8Ti92,0
Al7Ti93,0
Al6Ti94,0
Al5Ti95,0
Al4Ti96,0
Al3Ti97,0
Al2Ti98,0
Al1Ti99,0
Al0Ti100,0
Al100U0,0
Al99U1,0
Al98U2,0
Al97U3,0
Al96U4,0
Al95U5,0
Al94U6,0
Al93U7,0
Al92U8,1
Al91U9,1
Al90U10,1
Al89U11,0
Al88U12,0
Al87U13,0
Al86U14,0
Al85U15,0
Al84U16,0
Al83U17,0
Al82U18,0
Al81U19,0
Al80U20,0
Al79U21,0
Al78U22,0
Al77U23,0
Al76U24,0
Al75U25,0
Al74U26,0
Al73U27,0
Al72U28,0
Al71U29,0
Al70U30,0
Al69U31,0
Al68U32,0
Al67U33,0
Al66U34,0
Al65U35,0
Al64U36,0
Al63U37,0
Al62U38,0
Al61U39,0
Al60U40,0
Al59U41,0
Al58U42,0
Al57U43,0
Al56U44,0
Al55U45,0
Al54U46,0
Al53U47,0
Al52U48,0
Al51U49,0
Al50U50,0
Al49U51,0
Al48U52,0
Al47U53,0
Al46U54,0
Al45U55,0
Al44U56,0
Al43U57,0
Al42U58,0
Al41U59,0
Al40U60,0
Al39U61,0
Al38U62,0
Al37U63,0
Al36U64,0
Al35U65,0
Al34U66,0
Al33U67,0
Al32U68,0
Al31U69,0
Al30U70,0
Al29U71,0
Al28U72,0
Al27U73,0
Al26U74,0
Al25U75,0
Al24U76,0
Al23U77,0
Al22U78,0
Al21U79,0
Al20U80,0
Al19U81,0
Al18U82,0
Al17U83,0
Al16U84,0
Al15U85,0
Al14U86,0
Al13U87,0
Al12U88,0
Al11U89,0
Al10U90,0
Al9U91,0
Al8U92,0
Al7U93,0
Al6U94,0
Al5U95,0
Al4U96,0
Al3U97,0
Al2U98,0
Al1U99,0
Al0U100,0
Al100Zr0,0
Al99Zr1,0
Al98Zr2,0
Al97Zr3,0
Al96Zr4,0
Al95Zr5,0
Al94Zr6,0
Al93Zr7,0
Al92Zr8,0
Al91Zr9,0
Al90Zr10,0
Al89Zr11,0
Al88Zr12,0
Al87Zr13,0
Al86Zr14,0
Al85Zr15,0
Al84Zr16,0
Al83Zr17,0
Al82Zr18,0
Al81Zr19,0
Al80Zr20,0
Al79Zr21,0
Al78Zr22,0
Al77Zr23,0
Al76Zr24,0
Al75Zr25,0
Al74Zr26,0
Al73Zr27,0
Al72Zr28,0
Al71Zr29,0
Al70Zr30,0
Al69Zr31,0
Al68Zr32,0
Al67Zr33,0
Al66Zr34,0
Al65Zr35,0
Al64Zr36,0
Al63Zr37,0
Al62Zr38,0
Al61Zr39,0
Al60Zr40,0
Al59Zr41,0
Al58Zr42,0
Al57Zr43,0
Al56Zr44,0
Al55Zr45,1
Al54Zr46,1
Al53Zr47,1
Al52Zr48,1
Al51Zr49,1
Al50Zr50,1
Al49Zr51,1
Al48Zr52,1
Al47Zr53,1
Al46Zr54,0
Al45Zr55,0
Al44Zr56,0
Al43Zr57,0
Al42Zr58,0
Al41Zr59,0
Al40Zr60,0
Al39Zr61,0
Al38Zr62,0
Al37Zr63,0
Al36Zr64,0
Al35Zr65,0
Al34Zr66,0
Al33Zr67,0
Al32Zr68,0
Al31Zr69,0
Al30Zr70,0
Al29Zr71,0
Al28Zr72,0
Al27Zr73,0
Al26Zr74,0
Al25Zr75,0
Al24Zr76,0
Al23Zr77,0
Al22Zr78,0
Al21Zr79,0
Al20Zr80,0
Al19Zr81,0
Al18Zr82,0
Al17Zr83,0
Al16Zr84,0
Al15Zr85,0
Al14Zr86,0
Al13Zr87,0
Al12Zr88,0
Al11Zr89,0
Al10Zr90,0
Al9Zr91,0
Al8Zr92,0
Al7Zr93,0
Al6Zr94,0
Al5Zr95,0
Al4Zr96,0
Al3Zr97,0
Al2Zr98,0
Al1Zr99,0
Al0Zr100,0
Al55Zr45,0
Al54Zr46,0
Al53Zr47,0
Al52Zr48,0
Al51Zr49,0
Al50Zr50,0
Al49Zr51,0
Al48Zr52,0
Al47Zr53,0
Al37Zr63,1
Al36Zr64,1
Al35Zr65,1
Al34Zr66,1
Al33Zr67,1
Al32Zr68,1
Al31Zr69,1
Al30Zr70,1
Al29Zr71,1
Al28Zr72,1
Al27Zr73,1
Al26Zr74,1
Be100Ti0,0
Be99Ti1,0
Be98Ti2,0
Be97Ti3,0
Be96Ti4,0
Be95Ti5,0
Be94Ti6,0
Be93Ti7,0
Be92Ti8,0
Be91Ti9,0
Be90Ti10,0
Be89Ti11,0
Be88Ti12,0
Be87Ti13,0
Be86Ti14,0
Be85Ti15,0
Be84Ti16,0
Be83Ti17,0
Be82Ti18,0
Be81Ti19,0
Be80Ti20,0
Be79Ti21,0
Be78Ti22,0
Be77Ti23,0
Be76Ti24,0
Be75Ti25,0
Be74Ti26,0
Be73Ti27,0
Be72Ti28,0
Be71Ti29,0
Be70Ti30,0
Be69Ti31,0
Be68Ti32,0
Be67Ti33,0
Be66Ti34,0
Be65Ti35,0
Be64Ti36,0
Be63Ti37,0
Be62Ti38,0
Be61Ti39,0
Be60Ti40,0
Be59Ti41,0
Be58Ti42,0
Be57Ti43,0
Be56Ti44,0
Be55Ti45,0
Be54Ti46,0
Be53Ti47,0
Be52Ti48,0
Be51Ti49,0
Be50Ti50,0
Be49Ti51,0
Be48Ti52,0
Be47Ti53,0
Be46Ti54,0
Be45Ti55,0
Be44Ti56,0
Be43Ti57,0
Be42Ti58,0
Be41Ti59,1
Be40Ti60,1
Be39Ti61,1
Be38Ti62,1
Be37Ti63,1
Be36Ti64,0
Be35Ti65,0
Be34Ti66,0
Be33Ti67,0
Be32Ti68,0
Be31Ti69,0
Be30Ti70,0
Be29Ti71,0
Be28Ti72,0
Be27Ti73,0
Be26Ti74,0
Be25Ti75,0
Be24Ti76,0
Be23Ti77,0
Be22Ti78,0
Be21Ti79,0
Be20Ti80,0
Be19Ti81,0
Be18Ti82,0
Be17Ti83,0
Be16Ti84,0
Be15Ti85,0
Be14Ti86,0
Be13Ti87,0
Be12Ti88,0
Be11Ti89,0
Be10Ti90,0
Be9Ti91,0
Be8Ti92,0
Be7Ti93,0
Be6Ti94,0
Be5Ti95,0
Be4Ti96,0
Be3Ti97,0
Be2Ti98,0
Be1Ti99,0
Be0Ti100,0
Be100Zr0,0
Be99Zr1,0
Be98Zr2,0
Be97Zr3,0
Be96Zr4,0
Be95Zr5,0
Be94Zr6,0
Be93Zr7,0
Be92Zr8,0
Be91Zr9,0
Be90Zr10,0
Be89Zr11,0
Be88Zr12,0
Be87Zr13,0
Be86Zr14,0
Be85Zr15,0
Be84Zr16,0
Be83Zr17,0
Be82Zr18,0
Be81Zr19,0
Be80Zr20,0
Be79Zr21,0
Be78Zr22,0
Be77Zr23,0
Be76Zr24,0
Be75Zr25,0
Be74Zr26,0
Be73Zr27,0
Be72Zr28,0
Be71Zr29,0
Be70Zr30,0
Be69Zr31,0
Be68Zr32,0
Be67Zr33,0
Be66Zr34,0
Be65Zr35,0
Be64Zr36,0
Be63Zr37,0
Be62Zr38,0
Be61Zr39,0
Be60Zr40,0
Be59Zr41,0
Be58Zr42,0
Be57Zr43,0
Be56Zr44,0
Be55Zr45,0
Be54Zr46,0
Be53Zr47,0
Be52Zr48,0
Be51Zr49,0
Be50Zr50,1
Be49Zr51,1
Be48Zr52,1
Be47Zr53,1
Be46Zr54,1
Be45Zr55,1
Be44Zr56,1
Be43Zr57,1
Be42Zr58,1
Be41Zr59,1
Be40Zr60,1
Be39Zr61,1
Be38Zr62,1
Be37Zr63,1
Be36Zr64,1
Be35Zr65,1
Be34Zr66,1
Be33Zr67,1
Be32Zr68,1
Be31Zr69,1
Be30Zr70,1
Be29Zr71,0
Be28Zr72,0
Be27Zr73,0
Be26Zr74,0
Be25Zr75,0
Be24Zr76,0
Be23Zr77,0
Be22Zr78,0
Be21Zr79,0
Be20Zr80,0
Be19Zr81,0
Be18Zr82,0
Be17Zr83,0
Be16Zr84,0
Be15Zr85,0
Be14Zr86,0
Be13Zr87,0
Be12Zr88,0
Be11Zr89,0
Be10Zr90,0
Be9Zr91,0
Be8Zr92,0
Be7Zr93,0
Be6Zr94,0
Be5Zr95,0
Be4Zr96,0
Be3Zr97,0
Be2Zr98,0
Be1Zr99,0
Be0Zr100,0
Co100Gd0,0
Co99Gd1,0
Co98Gd2,0
Co97Gd3,0
Co96Gd4,0
Co95Gd5,0
Co94Gd6,0
Co93Gd7,0
Co92Gd8,0
Co91Gd9,0
Co90Gd10,0
Co89Gd11,0
Co88Gd12,0
Co87Gd13,0
Co86Gd14,0
Co85Gd15,0
Co84Gd16,0
Co83Gd17,0
Co82Gd18,0
Co81Gd19,0
Co80Gd20,0
Co79Gd21,0
Co78Gd22,0
Co77Gd23,0
Co76Gd24,0
Co75Gd25,0
Co74Gd26,0
Co73Gd27,0
Co72Gd28,0
Co71Gd29,0
Co70Gd30,0
Co69Gd31,0
Co68Gd32,0
Co67Gd33,0
Co66Gd34,0
Co65Gd35,0
Co64Gd36,0
Co63Gd37,0
Co62Gd38,0
Co61Gd39,0
Co60Gd40,0
Co59Gd41,0
Co58Gd42,0
Co57Gd43,0
Co56Gd44,0
Co55Gd45,0
Co54Gd46,0
Co53Gd47,0
Co52Gd48,0
Co51Gd49,0
Co50Gd50,0
Co49Gd51,0
Co48Gd52,0
Co47Gd53,0
Co46Gd54,0
Co45Gd55,0
Co44Gd56,0
Co43Gd57,0
Co42Gd58,0
Co41Gd59,0
Co40Gd60,0
Co39Gd61,0
Co38Gd62,1
Co37Gd63,1
Co36Gd64,1
Co35Gd65,1
Co34Gd66,1
Co33Gd67,1
Co32Gd68,1
Co31Gd69,1
Co30Gd70,1
Co29Gd71,1
Co28Gd72,0
Co27Gd73,0
Co26Gd74,0
Co25Gd75,0
Co24Gd76,0
Co23Gd77,0
Co22Gd78,0
Co21Gd79,0
Co20Gd80,0
Co19Gd81,0
Co18Gd82,0
Co17Gd83,0
Co16Gd84,0
Co15Gd85,0
Co14Gd86,0
Co13Gd87,0
Co12Gd88,0
Co11Gd89,0
Co10Gd90,0
Co9Gd91,0
Co8Gd92,0
Co7Gd93,0
Co6Gd94,0
Co5Gd95,0
Co4Gd96,0
Co3Gd97,0
Co2Gd98,0
Co1Gd99,0
Co0Gd100,0
Co100Tb0,0
Co99Tb1,0
Co98Tb2,0
Co97Tb3,0
Co96Tb4,0
Co95Tb5,0
Co94Tb6,0
Co93Tb7,0
Co92Tb8,0
Co91Tb9,0
Co90Tb10,0
Co89Tb11,0
Co88Tb12,0
Co87Tb13,0
Co86Tb14,0
Co85Tb15,0
Co84Tb16,0
Co83Tb17,0
Co82Tb18,0
Co81Tb19,0
Co80Tb20,0
Co79Tb21,0
Co78Tb22,0
Co77Tb23,0
Co76Tb24,0
Co75Tb25,0
Co74Tb26,0
Co73Tb27,0
Co72Tb28,0
Co71Tb29,0
Co70Tb30,0
Co69Tb31,0
Co68Tb32,0
Co67Tb33,0
Co66Tb34,0
Co65Tb35,0
Co64Tb36,0
Co63Tb37,0
Co62Tb38,0
Co61Tb39,0
Co60Tb40,0
Co59Tb41,0
Co58Tb42,0
Co57Tb43,0
Co56Tb44,0
Co55Tb45,1
Co54Tb46,1
Co53Tb47,1
Co52Tb48,1
Co51Tb49,1
Co50Tb50,1
Co49Tb51,1
Co48Tb52,1
Co47Tb53,1
Co46Tb54,1
Co45Tb55,1
Co44Tb56,1
Co43Tb57,1
Co42Tb58,1
Co41Tb59,1
Co40Tb60,1
Co39Tb61,1
Co38Tb62,1
Co37Tb63,1
Co36Tb64,1
Co35Tb65,1
Co34Tb66,0
Co33Tb67,0
Co32Tb68,0
Co31Tb69,0
Co30Tb70,0
Co29Tb71,0
Co28Tb72,0
Co27Tb73,0
Co26Tb74,0
Co25Tb75,0
Co24Tb76,0
Co23Tb77,0
Co22Tb78,0
Co21Tb79,0
Co20Tb80,0
Co19Tb81,0
Co18Tb82,0
Co17Tb83,0
Co16Tb84,0
Co15Tb85,0
Co14Tb86,0
Co13Tb87,0
Co12Tb88,0
Co11Tb89,0
Co10Tb90,0
Co9Tb91,0
Co8Tb92,0
Co7Tb93,0
Co6Tb94,0
Co5Tb95,0
Co4Tb96,0
Co3Tb97,0
Co2Tb98,0
Co1Tb99,0
Co0Tb100,0
Co100Zr0,0
Co99Zr1,0
Co98Zr2,0
Co97Zr3,0
Co96Zr4,0
Co95Zr5,0
Co94Zr6,0
Co93Zr7,0
Co92Zr8,0
Co91Zr9,0
Co90Zr10,0
Co89Zr11,0
Co88Zr12,0
Co87Zr13,0
Co86Zr14,0
Co85Zr15,0
Co84Zr16,0
Co83Zr17,0
Co82Zr18,0
Co81Zr19,0
Co80Zr20,0
Co79Zr21,0
Co78Zr22,0
Co77Zr23,0
Co76Zr24,0
Co75Zr25,0
Co74Zr26,0
Co73Zr27,0
Co72Zr28,0
Co71Zr29,0
Co70Zr30,0
Co69Zr31,0
Co68Zr32,0
Co67Zr33,0
Co66Zr34,0
Co65Zr35,0
Co64Zr36,0
Co63Zr37,0
Co62Zr38,0
Co61Zr39,0
Co60Zr40,0
Co59Zr41,0
Co58Zr42,1
Co57Zr43,1
Co56Zr44,1
Co55Zr45,1
Co54Zr46,1
Co53Zr47,1
Co52Zr48,1
Co51Zr49,1
Co50Zr50,1
Co49Zr51,1
Co48Zr52,1
Co47Zr53,1
Co46Zr54,1
Co45Zr55,1
Co44Zr56,1
Co43Zr57,1
Co42Zr58,1
Co41Zr59,1
Co40Zr60,1
Co39Zr61,1
Co38Zr62,1
Co37Zr63,1
Co36Zr64,1
Co35Zr65,1
Co34Zr66,1
Co33Zr67,1
Co32Zr68,1
Co31Zr69,1
Co30Zr70,1
Co29Zr71,1
Co28Zr72,1
Co27Zr73,1
Co26Zr74,1
Co25Zr75,1
Co24Zr76,1
Co23Zr77,1
Co22Zr78,1
Co21Zr79,1
Co20Zr80,1
Co19Zr81,0
Co18Zr82,0
Co17Zr83,0
Co16Zr84,0
Co15Zr85,0
Co14Zr86,0
Co13Zr87,0
Co12Zr88,0
Co11Zr89,0
Co10Zr90,0
Co9Zr91,0
Co8Zr92,0
Co7Zr93,0
Co6Zr94,0
Co5Zr95,0
Co4Zr96,0
Co3Zr97,0
Co2Zr98,0
Co1Zr99,0
Co0Zr100,0
Cr100Fe0,0
Cr99Fe1,0
Cr98Fe2,0
Cr97Fe3,0
Cr96Fe4,0
Cr95Fe5,0
Cr94Fe6,0
Cr93Fe7,0
Cr92Fe8,0
Cr91Fe9,1
Cr90Fe10,1
Cr89Fe11,1
Cr88Fe12,1
Cr87Fe13,1
Cr86Fe14,1
Cr85Fe15,1
Cr84Fe16,1
Cr83Fe17,1
Cr82Fe18,1
Cr81Fe19,1
Cr80Fe20,1
Cr79Fe21,1
Cr78Fe22,1
Cr77Fe23,1
Cr76Fe24,1
Cr75Fe25,1
Cr74Fe26,1
Cr73Fe27,1
Cr72Fe28,1
Cr71Fe29,1
Cr70Fe30,1
Cr69Fe31,1
Cr68Fe32,1
Cr67Fe33,1
Cr66Fe34,1
Cr65Fe35,1
Cr64Fe36,1
Cr63Fe37,1
Cr62Fe38,1
Cr61Fe39,1
Cr60Fe40,1
Cr59Fe41,1
Cr58Fe42,1
Cr57Fe43,1
Cr56Fe44,1
Cr55Fe45,1
Cr54Fe46,1
Cr53Fe47,1
Cr52Fe48,1
Cr51Fe49,1
Cr50Fe50,1
Cr49Fe51,1
Cr48Fe52,1
Cr47Fe53,1
Cr46Fe54,1
Cr45Fe55,1
Cr44Fe56,1
Cr43Fe57,1
Cr42Fe58,1
Cr41Fe59,1
Cr40Fe60,0
Cr39Fe61,0
Cr38Fe62,0
Cr37Fe63,0
Cr36Fe64,0
Cr35Fe65,0
Cr34Fe66,0
Cr33Fe67,0
Cr32Fe68,0
Cr31Fe69,0
Cr30Fe70,0
Cr29Fe71,0
Cr28Fe72,0
Cr27Fe73,0
Cr26Fe74,0
Cr25Fe75,0
Cr24Fe76,0
Cr23Fe77,0
Cr22Fe78,0
Cr21Fe79,0
Cr20Fe80,0
Cr19Fe81,0
Cr18Fe82,0
Cr17Fe83,0
Cr16Fe84,0
Cr15Fe85,0
Cr14Fe86,0
Cr13Fe87,0
Cr12Fe88,0
Cr11Fe89,0
Cr10Fe90,0
Cr9Fe91,0
Cr8Fe92,0
Cr7Fe93,0
Cr6Fe94,0
Cr5Fe95,0
Cr4Fe96,0
Cr3Fe97,0
Cr2Fe98,0
Cr1Fe99,0
Cr0Fe100,0
Cr100Co0,0
Cr99Co1,0
Cr98Co2,0
Cr97Co3,0
Cr96Co4,0
Cr95Co5,0
Cr94Co6,0
Cr93Co7,0
Cr92Co8,0
Cr91Co9,0
Cr90Co10,0
Cr89Co11,0
Cr88Co12,0
Cr87Co13,0
Cr86Co14,0
Cr85Co15,1
Cr84Co16,1
Cr83Co17,1
Cr82Co18,1
Cr81Co19,1
Cr80Co20,1
Cr79Co21,1
Cr78Co22,1
Cr77Co23,1
Cr76Co24,1
Cr75Co25,1
Cr74Co26,1
Cr73Co27,1
Cr72Co28,1
Cr71Co29,1
Cr70Co30,1
Cr69Co31,1
Cr68Co32,1
Cr67Co33,1
Cr66Co34,1
Cr65Co35,1
Cr64Co36,1
Cr63Co37,1
Cr62Co38,1
Cr61Co39,1
Cr60Co40,1
Cr59Co41,1
Cr58Co42,1
Cr57Co43,1
Cr56Co44,1
Cr55Co45,1
Cr54Co46,1
Cr53Co47,1
Cr52Co48,1
Cr51Co49,1
Cr50Co50,1
Cr49Co51,1
Cr48Co52,1
Cr47Co53,1
Cr46Co54,1
Cr45Co55,1
Cr44Co56,1
Cr43Co57,0
Cr42Co58,0
Cr41Co59,0
Cr40Co60,0
Cr39Co61,0
Cr38Co62,0
Cr37Co63,0
Cr36Co64,0
Cr35Co65,0
Cr34Co66,0
Cr33Co67,0
Cr32Co68,0
Cr31Co69,0
Cr30Co70,0
Cr29Co71,0
Cr28Co72,0
Cr27Co73,0
Cr26Co74,0
Cr25Co75,0
Cr24Co76,0
Cr23Co77,0
Cr22Co78,0
Cr21Co79,0
Cr20Co80,0
Cr19Co81,0
Cr18Co82,0
Cr17Co83,0
Cr16Co84,0
Cr15Co85,0
Cr14Co86,0
Cr13Co87,0
Cr12Co88,0
Cr11Co89,0
Cr10Co90,0
Cr9Co91,0
Cr8Co92,0
Cr7Co93,0
Cr6Co94,0
Cr5Co95,0
Cr4Co96,0
Cr3Co97,0
Cr2Co98,0
Cr1Co99,0
Cr0Co100,0
Cr100Ni0,0
Cr99Ni1,0
Cr98Ni2,0
Cr97Ni3,0
Cr96Ni4,0
Cr95Ni5,0
Cr94Ni6,0
Cr93Ni7,0
Cr92Ni8,0
Cr91Ni9,0
Cr90Ni10,0
Cr89Ni11,0
Cr88Ni12,0
Cr87Ni13,0
Cr86Ni14,0
Cr85Ni15,0
Cr84Ni16,0
Cr83Ni17,0
Cr82Ni18,0
Cr81Ni19,0
Cr80Ni20,0
Cr79Ni21,0
Cr78Ni22,0
Cr77Ni23,0
Cr76Ni24,0
Cr75Ni25,0
Cr74Ni26,0
Cr73Ni27,1
Cr72Ni28,1
Cr71Ni29,1
Cr70Ni30,1
Cr69Ni31,1
Cr68Ni32,1
Cr67Ni33,1
Cr66Ni34,1
Cr65Ni35,1
Cr64Ni36,1
Cr63Ni37,1
Cr62Ni38,1
Cr61Ni39,1
Cr60Ni40,1
Cr59Ni41,1
Cr58Ni42,1
Cr57Ni43,1
Cr56Ni44,1
Cr55Ni45,1
Cr54Ni46,1
Cr53Ni47,1
Cr52Ni48,1
Cr51Ni49,1
Cr50Ni50,1
Cr49Ni51,1
Cr48Ni52,0
Cr47Ni53,0
Cr46Ni54,0
Cr45Ni55,0
Cr44Ni56,0
Cr43Ni57,0
Cr42Ni58,0
Cr41Ni59,0
Cr40Ni60,0
Cr39Ni61,0
Cr38Ni62,0
Cr37Ni63,0
Cr36Ni64,0
Cr35Ni65,0
Cr34Ni66,0
Cr33Ni67,0
Cr32Ni68,0
Cr31Ni69,0
Cr30Ni70,0
Cr29Ni71,0
Cr28Ni72,0
Cr27Ni73,0
Cr26Ni74,0
Cr25Ni75,0
Cr24Ni76,0
Cr23Ni77,0
Cr22Ni78,0
Cr21Ni79,0
Cr20Ni80,0
Cr19Ni81,0
Cr18Ni82,0
Cr17Ni83,0
Cr16Ni84,0
Cr15Ni85,0
Cr14Ni86,0
Cr13Ni87,0
Cr12Ni88,0
Cr11Ni89,0
Cr10Ni90,0
Cr9Ni91,0
Cr8Ni92,0
Cr7Ni93,0
Cr6Ni94,0
Cr5Ni95,0
Cr4Ni96,0
Cr3Ni97,0
Cr2Ni98,0
Cr1Ni99,0
Cr0Ni100,0
Cr100Nb0,0
Cr99Nb1,0
Cr98Nb2,0
Cr97Nb3,0
Cr96Nb4,0
Cr95Nb5,0
Cr94Nb6,0
Cr93Nb7,0
Cr92Nb8,0
Cr91Nb9,0
Cr90Nb10,0
Cr89Nb11,1
Cr88Nb12,1
Cr87Nb13,1
Cr86Nb14,1
Cr85Nb15,1
Cr84Nb16,1
Cr83Nb17,1
Cr82Nb18,0
Cr81Nb19,0
Cr80Nb20,0
Cr79Nb21,0
Cr78Nb22,0
Cr77Nb23,0
Cr76Nb24,0
Cr75Nb25,0
Cr74Nb26,0
Cr73Nb27,0
Cr72Nb28,0
Cr71Nb29,0
Cr70Nb30,0
Cr69Nb31,0
Cr68Nb32,0
Cr67Nb33,0
Cr66Nb34,0
Cr65Nb35,0
Cr64Nb36,0
Cr63Nb37,0
Cr62Nb38,0
Cr61Nb39,0
Cr60Nb40,0
Cr59Nb41,0
Cr58Nb42,0
Cr57Nb43,0
Cr56Nb44,0
Cr55Nb45,0
Cr54Nb46,0
Cr53Nb47,0
Cr52Nb48,0
Cr51Nb49,0
Cr50Nb50,0
Cr49Nb51,0
Cr48Nb52,0
Cr47Nb53,0
Cr46Nb54,0
Cr45Nb55,0
Cr44Nb56,0
Cr43Nb57,0
Cr42Nb58,0
Cr41Nb59,0
Cr40Nb60,0
Cr39Nb61,0
Cr38Nb62,0
Cr37Nb63,0
Cr36Nb64,0
Cr35Nb65,0
Cr34Nb66,0
Cr33Nb67,0
Cr32Nb68,0
Cr31Nb69,0
Cr30Nb70,0
Cr29Nb71,0
Cr28Nb72,0
Cr27Nb73,0
Cr26Nb74,0
Cr25Nb75,0
Cr24Nb76,0
Cr23Nb77,0
Cr22Nb78,0
Cr21Nb79,0
Cr20Nb80,0
Cr19Nb81,0
Cr18Nb82,0
Cr17Nb83,0
Cr16Nb84,0
Cr15Nb85,0
Cr14Nb86,0
Cr13Nb87,0
Cr12Nb88,0
Cr11Nb89,0
Cr10Nb90,0
Cr9Nb91,0
Cr8Nb92,0
Cr7Nb93,0
Cr6Nb94,0
Cr5Nb95,0
Cr4Nb96,0
Cr3Nb97,0
Cr2Nb98,0
Cr1Nb99,0
Cr0Nb100,0
Cr100Mo0,0
Cr99Mo1,0
Cr98Mo2,0
Cr97Mo3,0
Cr96Mo4,0
Cr95Mo5,0
Cr94Mo6,0
Cr93Mo7,1
Cr92Mo8,1
Cr91Mo9,1
Cr90Mo10,1
Cr89Mo11,1
Cr88Mo12,1
Cr87Mo13,1
Cr86Mo14,1
Cr85Mo15,1
Cr84Mo16,1
Cr83Mo17,1
Cr82Mo18,1
Cr81Mo19,1
Cr80Mo20,1
Cr79Mo21,1
Cr78Mo22,1
Cr77Mo23,1
Cr76Mo24,0
Cr75Mo25,0
Cr74Mo26,0
Cr73Mo27,0
Cr72Mo28,0
Cr71Mo29,0
Cr70Mo30,0
Cr69Mo31,0
Cr68Mo32,0
Cr67Mo33,0
Cr66Mo34,0
Cr65Mo35,0
Cr64Mo36,0
Cr63Mo37,0
Cr62Mo38,0
Cr61Mo39,0
Cr60Mo40,0
Cr59Mo41,0
Cr58Mo42,0
Cr57Mo43,0
Cr56Mo44,0
Cr55Mo45,0
Cr54Mo46,0
Cr53Mo47,0
Cr52Mo48,0
Cr51Mo49,0
Cr50Mo50,0
Cr49Mo51,0
Cr48Mo52,0
Cr47Mo53,0
Cr46Mo54,0
Cr45Mo55,0
Cr44Mo56,0
Cr43Mo57,0
Cr42Mo58,0
Cr41Mo59,0
Cr40Mo60,0
Cr39Mo61,0
Cr38Mo62,0
Cr37Mo63,0
Cr36Mo64,0
Cr35Mo65,0
Cr34Mo66,0
Cr33Mo67,0
Cr32Mo68,0
Cr31Mo69,0
Cr30Mo70,0
Cr29Mo71,0
Cr28Mo72,0
Cr27Mo73,0
Cr26Mo74,0
Cr25Mo75,0
Cr24Mo76,0
Cr23Mo77,0
Cr22Mo78,0
Cr21Mo79,0
Cr20Mo80,0
Cr19Mo81,0
Cr18Mo82,0
Cr17Mo83,0
Cr16Mo84,0
Cr15Mo85,0
Cr14Mo86,0
Cr13Mo87,0
Cr12Mo88,0
Cr11Mo89,0
Cr10Mo90,0
Cr9Mo91,0
Cr8Mo92,0
Cr7Mo93,0
Cr6Mo94,0
Cr5Mo95,0
Cr4Mo96,0
Cr3Mo97,0
Cr2Mo98,0
Cr1Mo99,0
Cr0Mo100,0
Cr100Ta0,0
Cr99Ta1,0
Cr98Ta2,0
Cr97Ta3,0
Cr96Ta4,0
Cr95Ta5,0
Cr94Ta6,0
Cr93Ta7,1
Cr92Ta8,1
Cr91Ta9,1
Cr90Ta10,1
Cr89Ta11,1
Cr88Ta12,1
Cr87Ta13,1
Cr86Ta14,0
Cr85Ta15,0
Cr84Ta16,0
Cr83Ta17,0
Cr82Ta18,0
Cr81Ta19,0
Cr80Ta20,0
Cr79Ta21,0
Cr78Ta22,0
Cr77Ta23,0
Cr76Ta24,0
Cr75Ta25,0
Cr74Ta26,0
Cr73Ta27,0
Cr72Ta28,0
Cr71Ta29,0
Cr70Ta30,0
Cr69Ta31,0
Cr68Ta32,0
Cr67Ta33,0
Cr66Ta34,0
Cr65Ta35,0
Cr64Ta36,0
Cr63Ta37,0
Cr62Ta38,0
Cr61Ta39,0
Cr60Ta40,0
Cr59Ta41,0
Cr58Ta42,0
Cr57Ta43,0
Cr56Ta44,0
Cr55Ta45,0
Cr54Ta46,0
Cr53Ta47,0
Cr52Ta48,0
Cr51Ta49,0
Cr50Ta50,0
Cr49Ta51,0
Cr48Ta52,0
Cr47Ta53,0
Cr46Ta54,0
Cr45Ta55,0
Cr44Ta56,0
Cr43Ta57,0
Cr42Ta58,0
Cr41Ta59,0
Cr40Ta60,0
Cr39Ta61,0
Cr38Ta62,0
Cr37Ta63,0
Cr36Ta64,0
Cr35Ta65,0
Cr34Ta66,0
Cr33Ta67,0
Cr32Ta68,0
Cr31Ta69,0
Cr30Ta70,0
Cr29Ta71,0
Cr28Ta72,0
Cr27Ta73,0
Cr26Ta74,0
Cr25Ta75,0
Cr24Ta76,0
Cr23Ta77,0
Cr22Ta78,0
Cr21Ta79,0
Cr20Ta80,0
Cr19Ta81,0
Cr18Ta82,0
Cr17Ta83,0
Cr16Ta84,0
Cr15Ta85,0
Cr14Ta86,0
Cr13Ta87,0
Cr12Ta88,0
Cr11Ta89,0
Cr10Ta90,0
Cr9Ta91,0
Cr8Ta92,0
Cr7Ta93,0
Cr6Ta94,0
Cr5Ta95,0
Cr4Ta96,0
Cr3Ta97,0
Cr2Ta98,0
Cr1Ta99,0
Cr0Ta100,0
Ca100Cu0,0
Ca99Cu1,0
Ca98Cu2,0
Ca97Cu3,0
Ca96Cu4,0
Ca95Cu5,0
Ca94Cu6,0
Ca93Cu7,0
Ca92Cu8,0
Ca91Cu9,0
Ca90Cu10,0
Ca89Cu11,0
Ca88Cu12,0
Ca87Cu13,1
Ca86Cu14,1
Ca85Cu15,1
Ca84Cu16,1
Ca83Cu17,1
Ca82Cu18,1
Ca81Cu19,1
Ca80Cu20,1
Ca79Cu21,1
Ca78Cu22,1
Ca77Cu23,1
Ca76Cu24,1
Ca75Cu25,1
Ca74Cu26,1
Ca73Cu27,1
Ca72Cu28,1
Ca71Cu29,1
Ca70Cu30,1
Ca69Cu31,1
Ca68Cu32,1
Ca67Cu33,1
Ca66Cu34,1
Ca65Cu35,1
Ca64Cu36,1
Ca63Cu37,1
Ca62Cu38,1
Ca61Cu39,1
Ca60Cu40,1
Ca59Cu41,1
Ca58Cu42,1
Ca57Cu43,1
Ca56Cu44,1
Ca55Cu45,1
Ca54Cu46,1
Ca53Cu47,1
Ca52Cu48,1
Ca51Cu49,1
Ca50Cu50,1
Ca49Cu51,1
Ca48Cu52,1
Ca47Cu53,1
Ca46Cu54,1
Ca45Cu55,1
Ca44Cu56,1
Ca43Cu57,1
Ca42Cu58,1
Ca41Cu59,1
Ca40Cu60,1
Ca39Cu61,1
Ca38Cu62,0
Ca37Cu63,0
Ca36Cu64,0
Ca35Cu65,0
Ca34Cu66,0
Ca33Cu67,0
Ca32Cu68,0
Ca31Cu69,0
Ca30Cu70,0
Ca29Cu71,0
Ca28Cu72,0
Ca27Cu73,0
Ca26Cu74,0
Ca25Cu75,0
Ca24Cu76,0
Ca23Cu77,0
Ca22Cu78,0
Ca21Cu79,0
Ca20Cu80,0
Ca19Cu81,0
Ca18Cu82,0
Ca17Cu83,0
Ca16Cu84,0
Ca15Cu85,0
Ca14Cu86,0
Ca13Cu87,0
Ca12Cu88,0
Ca11Cu89,0
Ca10Cu90,0
Ca9Cu91,0
Ca8Cu92,0
Ca7Cu93,0
Ca6Cu94,0
Ca5Cu95,0
Ca4Cu96,0
Ca3Cu97,0
Ca2Cu98,0
Ca1Cu99,0
Ca0Cu100,0
Ca100Ag0,0
Ca99Ag1,0
Ca98Ag2,0
Ca97Ag3,0
Ca96Ag4,0
Ca95Ag5,0
Ca94Ag6,0
Ca93Ag7,0
Ca92Ag8,0
Ca91Ag9,0
Ca90Ag10,0
Ca89Ag11,0
Ca88Ag12,0
Ca87Ag13,1
Ca86Ag14,1
Ca85Ag15,1
Ca84Ag16,1
Ca83Ag17,1
Ca82Ag18,1
Ca81Ag19,1
Ca80Ag20,1
Ca79Ag21,1
Ca78Ag22,1
Ca77Ag23,1
Ca76Ag24,1
Ca75Ag25,1
Ca74Ag26,1
Ca73Ag27,1
Ca72Ag28,1
Ca71Ag29,1
Ca70Ag30,1
Ca69Ag31,1
Ca68Ag32,1
Ca67Ag33,1
Ca66Ag34,1
Ca65Ag35,1
Ca64Ag36,1
Ca63Ag37,1
Ca62Ag38,1
Ca61Ag39,1
Ca60Ag40,1
Ca59Ag41,1
Ca58Ag42,0
Ca57Ag43,0
Ca56Ag44,0
Ca55Ag45,0
Ca54Ag46,0
Ca53Ag47,0
Ca52Ag48,0
Ca51Ag49,0
Ca50Ag50,0
Ca49Ag51,0
Ca48Ag52,0
Ca47Ag53,0
Ca46Ag54,0
Ca45Ag55,0
Ca44Ag56,0
Ca43Ag57,0
Ca42Ag58,0
Ca41Ag59,0
Ca40Ag60,0
Ca39Ag61,0
Ca38Ag62,0
Ca37Ag63,0
Ca36Ag64,0
Ca35Ag65,0
Ca34Ag66,0
Ca33Ag67,0
Ca32Ag68,0
Ca31Ag69,0
Ca30Ag70,0
Ca29Ag71,0
Ca28Ag72,0
Ca27Ag73,0
Ca26Ag74,0
Ca25Ag75,0
Ca24Ag76,0
Ca23Ag77,0
Ca22Ag78,0
Ca21Ag79,0
Ca20Ag80,0
Ca19Ag81,0
Ca18Ag82,0
Ca17Ag83,0
Ca16Ag84,0
Ca15Ag85,0
Ca14Ag86,0
Ca13Ag87,0
Ca12Ag88,0
Ca11Ag89,0
Ca10Ag90,0
Ca9Ag91,0
Ca8Ag92,0
Ca7Ag93,0
Ca6Ag94,0
Ca5Ag95,0
Ca4Ag96,0
Ca3Ag97,0
Ca2Ag98,0
Ca1Ag99,0
Ca0Ag100,0
Ca100Mg0,0
Ca99Mg1,0
Ca98Mg2,0
Ca97Mg3,0
Ca96Mg4,0
Ca95Mg5,0
Ca94Mg6,0
Ca93Mg7,0
Ca92Mg8,0
Ca91Mg9,0
Ca90Mg10,0
Ca89Mg11,0
Ca88Mg12,0
Ca87Mg13,0
Ca86Mg14,0
Ca85Mg15,0
Ca84Mg16,0
Ca83Mg17,0
Ca82Mg18,0
Ca81Mg19,0
Ca80Mg20,0
Ca79Mg21,0
Ca78Mg22,0
Ca77Mg23,1
Ca76Mg24,1
Ca75Mg25,1
Ca74Mg26,1
Ca73Mg27,1
Ca72Mg28,1
Ca71Mg29,1
Ca70Mg30,1
Ca69Mg31,1
Ca68Mg32,1
Ca67Mg33,1
Ca66Mg34,1
Ca65Mg35,1
Ca64Mg36,1
Ca63Mg37,1
Ca62Mg38,1
Ca61Mg39,1
Ca60Mg40,1
Ca59Mg41,1
Ca58Mg42,0
Ca57Mg43,0
Ca56Mg44,0
Ca55Mg45,0
Ca54Mg46,0
Ca53Mg47,0
Ca52Mg48,0
Ca51Mg49,0
Ca50Mg50,0
Ca49Mg51,0
Ca48Mg52,0
Ca47Mg53,0
Ca46Mg54,0
Ca45Mg55,0
Ca44Mg56,0
Ca43Mg57,0
Ca42Mg58,0
Ca41Mg59,0
Ca40Mg60,0
Ca39Mg61,0
Ca38Mg62,0
Ca37Mg63,0
Ca36Mg64,0
Ca35Mg65,0
Ca34Mg66,0
Ca33Mg67,0
Ca32Mg68,0
Ca31Mg69,0
Ca30Mg70,0
Ca29Mg71,0
Ca28Mg72,0
Ca27Mg73,0
Ca26Mg74,0
Ca25Mg75,0
Ca24Mg76,0
Ca23Mg77,0
Ca22Mg78,0
Ca21Mg79,0
Ca20Mg80,0
Ca19Mg81,0
Ca18Mg82,0
Ca17Mg83,0
Ca16Mg84,0
Ca15Mg85,0
Ca14Mg86,0
Ca13Mg87,0
Ca12Mg88,0
Ca11Mg89,0
Ca10Mg90,0
Ca9Mg91,0
Ca8Mg92,0
Ca7Mg93,0
Ca6Mg94,0
Ca5Mg95,0
Ca4Mg96,0
Ca3Mg97,0
Ca2Mg98,0
Ca1Mg99,0
Ca0Mg100,0
Cu100Hf0,0
Cu99Hf1,0
Cu98Hf2,0
Cu97Hf3,0
Cu96Hf4,0
Cu95Hf5,0
Cu94Hf6,0
Cu93Hf7,0
Cu92Hf8,0
Cu91Hf9,0
Cu90Hf10,0
Cu89Hf11,0
Cu88Hf12,0
Cu87Hf13,0
Cu86Hf14,0
Cu85Hf15,0
Cu84Hf16,0
Cu83Hf17,0
Cu82Hf18,0
Cu81Hf19,0
Cu80Hf20,0
Cu79Hf21,0
Cu78Hf22,0
Cu77Hf23,0
Cu76Hf24,0
Cu75Hf25,0
Cu74Hf26,0
Cu73Hf27,0
Cu72Hf28,0
Cu71Hf29,0
Cu70Hf30,1
Cu69Hf31,1
Cu68Hf32,1
Cu67Hf33,1
Cu66Hf34,1
Cu65Hf35,1
Cu64Hf36,1
Cu63Hf37,1
Cu62Hf38,1
Cu61Hf39,1
Cu60Hf40,1
Cu59Hf41,1
Cu58Hf42,1
Cu57Hf43,1
Cu56Hf44,1
Cu55Hf45,1
Cu54Hf46,1
Cu53Hf47,1
Cu52Hf48,1
Cu51Hf49,1
Cu50Hf50,1
Cu49Hf51,1
Cu48Hf52,1
Cu47Hf53,1
Cu46Hf54,1
Cu45Hf55,1
Cu44Hf56,1
Cu43Hf57,1
Cu42Hf58,1
Cu41Hf59,1
Cu40Hf60,1
Cu39Hf61,1
Cu38Hf62,1
Cu37Hf63,1
Cu36Hf64,1
Cu35Hf65,1
Cu34Hf66,1
Cu33Hf67,1
Cu32Hf68,1
Cu31Hf69,1
Cu30Hf70,1
Cu29Hf71,0
Cu28Hf72,0
Cu27Hf73,0
Cu26Hf74,0
Cu25Hf75,0
Cu24Hf76,0
Cu23Hf77,0
Cu22Hf78,0
Cu21Hf79,0
Cu20Hf80,0
Cu19Hf81,0
Cu18Hf82,0
Cu17Hf83,0
Cu16Hf84,0
Cu15Hf85,0
Cu14Hf86,0
Cu13Hf87,0
Cu12Hf88,0
Cu11Hf89,0
Cu10Hf90,0
Cu9Hf91,0
Cu8Hf92,0
Cu7Hf93,0
Cu6Hf94,0
Cu5Hf95,0
Cu4Hf96,0
Cu3Hf97,0
Cu2Hf98,0
Cu1Hf99,0
Cu0Hf100,0
Cu100Ti0,0
Cu99Ti1,0
Cu98Ti2,0
Cu97Ti3,0
Cu96Ti4,0
Cu95Ti5,0
Cu94Ti6,0
Cu93Ti7,0
Cu92Ti8,0
Cu91Ti9,0
Cu90Ti10,0
Cu89Ti11,0
Cu88Ti12,0
Cu87Ti13,0
Cu86Ti14,0
Cu85Ti15,0
Cu84Ti16,0
Cu83Ti17,0
Cu82Ti18,0
Cu81Ti19,0
Cu80Ti20,0
Cu79Ti21,0
Cu78Ti22,0
Cu77Ti23,0
Cu76Ti24,0
Cu75Ti25,1
Cu74Ti26,1
Cu73Ti27,1
Cu72Ti28,1
Cu71Ti29,1
Cu70Ti30,1
Cu69Ti31,1
Cu68Ti32,1
Cu67Ti33,1
Cu66Ti34,1
Cu65Ti35,1
Cu64Ti36,1
Cu63Ti37,1
Cu62Ti38,1
Cu61Ti39,1
Cu60Ti40,1
Cu59Ti41,1
Cu58Ti42,1
Cu57Ti43,1
Cu56Ti44,1
Cu55Ti45,1
Cu54Ti46,1
Cu53Ti47,1
Cu52Ti48,1
Cu51Ti49,1
Cu50Ti50,1
Cu49Ti51,1
Cu48Ti52,1
Cu47Ti53,1
Cu46Ti54,1
Cu45Ti55,1
Cu44Ti56,1
Cu43Ti57,1
Cu42Ti58,1
Cu41Ti59,1
Cu40Ti60,1
Cu39Ti61,1
Cu38Ti62,1
Cu37Ti63,1
Cu36Ti64,1
Cu35Ti65,1
Cu34Ti66,0
Cu33Ti67,0
Cu32Ti68,0
Cu31Ti69,0
Cu30Ti70,0
Cu29Ti71,0
Cu28Ti72,0
Cu27Ti73,0
Cu26Ti74,0
Cu25Ti75,0
Cu24Ti76,0
Cu23Ti77,0
Cu22Ti78,0
Cu21Ti79,0
Cu20Ti80,0
Cu19Ti81,0
Cu18Ti82,0
Cu17Ti83,0
Cu16Ti84,0
Cu15Ti85,0
Cu14Ti86,0
Cu13Ti87,0
Cu12Ti88,0
Cu11Ti89,0
Cu10Ti90,0
Cu9Ti91,0
Cu8Ti92,0
Cu7Ti93,0
Cu6Ti94,0
Cu5Ti95,0
Cu4Ti96,0
Cu3Ti97,0
Cu2Ti98,0
Cu1Ti99,0
Cu0Ti100,0
Cu100Zr0,0
Cu99Zr1,0
Cu98Zr2,0
Cu97Zr3,0
Cu96Zr4,0
Cu95Zr5,0
Cu94Zr6,0
Cu93Zr7,0
Cu92Zr8,0
Cu91Zr9,0
Cu90Zr10,1
Cu89Zr11,1
Cu88Zr12,1
Cu87Zr13,1
Cu86Zr14,1
Cu85Zr15,1
Cu84Zr16,1
Cu83Zr17,1
Cu82Zr18,1
Cu81Zr19,1
Cu80Zr20,1
Cu79Zr21,1
Cu78Zr22,1
Cu77Zr23,1
Cu76Zr24,1
Cu75Zr25,1
Cu74Zr26,1
Cu73Zr27,1
Cu72Zr28,1
Cu71Zr29,1
Cu70Zr30,1
Cu69Zr31,1
Cu68Zr32,1
Cu67Zr33,1
Cu66Zr34,1
Cu65Zr35,1
Cu64Zr36,1
Cu63Zr37,1
Cu62Zr38,1
Cu61Zr39,1
Cu60Zr40,1
Cu59Zr41,1
Cu58Zr42,1
Cu57Zr43,1
Cu56Zr44,1
Cu55Zr45,1
Cu54Zr46,1
Cu53Zr47,1
Cu52Zr48,1
Cu51Zr49,1
Cu50Zr50,1
Cu49Zr51,1
Cu48Zr52,1
Cu47Zr53,1
Cu46Zr54,1
Cu45Zr55,1
Cu44Zr56,1
Cu43Zr57,1
Cu42Zr58,1
Cu41Zr59,1
Cu40Zr60,1
Cu39Zr61,1
Cu38Zr62,1
Cu37Zr63,1
Cu36Zr64,1
Cu35Zr65,1
Cu34Zr66,1
Cu33Zr67,1
Cu32Zr68,1
Cu31Zr69,1
Cu30Zr70,1
Cu29Zr71,1
Cu28Zr72,1
Cu27Zr73,1
Cu26Zr74,1
Cu25Zr75,1
Cu24Zr76,1
Cu23Zr77,1
Cu22Zr78,1
Cu21Zr79,1
Cu20Zr80,1
Cu19Zr81,0
Cu18Zr82,0
Cu17Zr83,0
Cu16Zr84,0
Cu15Zr85,0
Cu14Zr86,0
Cu13Zr87,0
Cu12Zr88,0
Cu11Zr89,0
Cu10Zr90,0
Cu9Zr91,0
Cu8Zr92,0
Cu7Zr93,0
Cu6Zr94,0
Cu5Zr95,0
Cu4Zr96,0
Cu3Zr97,0
Cu2Zr98,0
Cu1Zr99,0
Cu0Zr100,0
Fe100B0,0
Fe99B1,0
Fe98B2,0
Fe97B3,0
Fe96B4,0
Fe95B5,0
Fe94B6,0
Fe93B7,0
Fe92B8,0
Fe91B9,0
Fe90B10,0
Fe89B11,0
Fe88B12,0
Fe87B13,1
Fe86B14,1
Fe85B15,1
Fe84B16,1
Fe83B17,1
Fe82B18,1
Fe81B19,1
Fe80B20,1
Fe79B21,1
Fe78B22,1
Fe77B23,1
Fe76B24,1
Fe75B25,1
Fe74B26,1
Fe73B27,1
Fe72B28,0
Fe71B29,0
Fe70B30,0
Fe69B31,0
Fe68B32,0
Fe67B33,0
Fe66B34,0
Fe65B35,0
Fe64B36,0
Fe63B37,0
Fe62B38,0
Fe61B39,0
Fe60B40,0
Fe59B41,0
Fe58B42,0
Fe57B43,0
Fe56B44,0
Fe55B45,0
Fe54B46,0
Fe53B47,0
Fe52B48,0
Fe51B49,0
Fe50B50,0
Fe49B51,0
Fe48B52,0
Fe47B53,0
Fe46B54,0
Fe45B55,0
Fe44B56,0
Fe43B57,0
Fe42B58,0
Fe41B59,0
Fe40B60,0
Fe39B61,0
Fe38B62,0
Fe37B63,0
Fe36B64,0
Fe35B65,0
Fe34B66,0
Fe33B67,0
Fe32B68,0
Fe31B69,0
Fe30B70,0
Fe29B71,0
Fe28B72,0
Fe27B73,0
Fe26B74,0
Fe25B75,0
Fe24B76,0
Fe23B77,0
Fe22B78,0
Fe21B79,0
Fe20B80,0
Fe19B81,0
Fe18B82,0
Fe17B83,0
Fe16B84,0
Fe15B85,0
Fe14B86,0
Fe13B87,0
Fe12B88,0
Fe11B89,0
Fe10B90,0
Fe9B91,0
Fe8B92,0
Fe7B93,0
Fe6B94,0
Fe5B95,0
Fe4B96,0
Fe3B97,0
Fe2B98,0
Fe1B99,0
Fe0B100,0
Fe100Hf0,0
Fe99Hf1,0
Fe98Hf2,0
Fe97Hf3,0
Fe96Hf4,0
Fe95Hf5,0
Fe94Hf6,0
Fe93Hf7,0
Fe92Hf8,0
Fe91Hf9,1
Fe90Hf10,1
Fe89Hf11,0
Fe88Hf12,0
Fe87Hf13,0
Fe86Hf14,0
Fe85Hf15,0
Fe84Hf16,0
Fe83Hf17,0
Fe82Hf18,0
Fe81Hf19,0
Fe80Hf20,0
Fe79Hf21,0
Fe78Hf22,0
Fe77Hf23,0
Fe76Hf24,0
Fe75Hf25,0
Fe74Hf26,0
Fe73Hf27,0
Fe72Hf28,0
Fe71Hf29,0
Fe70Hf30,0
Fe69Hf31,0
Fe68Hf32,0
Fe67Hf33,0
Fe66Hf34,0
Fe65Hf35,0
Fe64Hf36,0
Fe63Hf37,0
Fe62Hf38,0
Fe61Hf39,0
Fe60Hf40,0
Fe59Hf41,0
Fe58Hf42,0
Fe57Hf43,0
Fe56Hf44,0
Fe55Hf45,0
Fe54Hf46,0
Fe53Hf47,0
Fe52Hf48,0
Fe51Hf49,0
Fe50Hf50,0
Fe49Hf51,0
Fe48Hf52,0
Fe47Hf53,0
Fe46Hf54,0
Fe45Hf55,0
Fe44Hf56,0
Fe43Hf57,0
Fe42Hf58,0
Fe41Hf59,0
Fe40Hf60,0
Fe39Hf61,0
Fe38Hf62,0
Fe37Hf63,0
Fe36Hf64,0
Fe35Hf65,0
Fe34Hf66,0
Fe33Hf67,0
Fe32Hf68,0
Fe31Hf69,0
Fe30Hf70,0
Fe29Hf71,0
Fe28Hf72,0
Fe27Hf73,0
Fe26Hf74,0
Fe25Hf75,0
Fe24Hf76,0
Fe23Hf77,0
Fe22Hf78,0
Fe21Hf79,0
Fe20Hf80,0
Fe19Hf81,0
Fe18Hf82,0
Fe17Hf83,0
Fe16Hf84,0
Fe15Hf85,0
Fe14Hf86,0
Fe13Hf87,0
Fe12Hf88,0
Fe11Hf89,0
Fe10Hf90,0
Fe9Hf91,0
Fe8Hf92,0
Fe7Hf93,0
Fe6Hf94,0
Fe5Hf95,0
Fe4Hf96,0
Fe3Hf97,0
Fe2Hf98,0
Fe1Hf99,0
Fe0Hf100,0
Fe100Nd0,0
Fe99Nd1,0
Fe98Nd2,0
Fe97Nd3,0
Fe96Nd4,0
Fe95Nd5,0
Fe94Nd6,0
Fe93Nd7,0
Fe92Nd8,0
Fe91Nd9,0
Fe90Nd10,0
Fe89Nd11,1
Fe88Nd12,1
Fe87Nd13,1
Fe86Nd14,1
Fe85Nd15,1
Fe84Nd16,1
Fe83Nd17,1
Fe82Nd18,1
Fe81Nd19,1
Fe80Nd20,1
Fe79Nd21,1
Fe78Nd22,1
Fe77Nd23,1
Fe76Nd24,1
Fe75Nd25,1
Fe74Nd26,1
Fe73Nd27,1
Fe72Nd28,1
Fe71Nd29,1
Fe70Nd30,1
Fe69Nd31,1
Fe68Nd32,1
Fe67Nd33,1
Fe66Nd34,1
Fe65Nd35,1
Fe64Nd36,1
Fe63Nd37,1
Fe62Nd38,1
Fe61Nd39,1
Fe60Nd40,1
Fe59Nd41,1
Fe58Nd42,1
Fe57Nd43,1
Fe56Nd44,1
Fe55Nd45,1
Fe54Nd46,1
Fe53Nd47,1
Fe52Nd48,1
Fe51Nd49,1
Fe50Nd50,1
Fe49Nd51,1
Fe48Nd52,1
Fe47Nd53,1
Fe46Nd54,1
Fe45Nd55,1
Fe44Nd56,1
Fe43Nd57,1
Fe42Nd58,1
Fe41Nd59,1
Fe40Nd60,1
Fe39Nd61,0
Fe38Nd62,0
Fe37Nd63,0
Fe36Nd64,0
Fe35Nd65,0
Fe34Nd66,0
Fe33Nd67,0
Fe32Nd68,0
Fe31Nd69,0
Fe30Nd70,0
Fe29Nd71,0
Fe28Nd72,0
Fe27Nd73,0
Fe26Nd74,0
Fe25Nd75,0
Fe24Nd76,0
Fe23Nd77,0
Fe22Nd78,0
Fe21Nd79,0
Fe20Nd80,0
Fe19Nd81,0
Fe18Nd82,0
Fe17Nd83,0
Fe16Nd84,0
Fe15Nd85,0
Fe14Nd86,0
Fe13Nd87,0
Fe12Nd88,0
Fe11Nd89,0
Fe10Nd90,0
Fe9Nd91,0
Fe8Nd92,0
Fe7Nd93,0
Fe6Nd94,0
Fe5Nd95,0
Fe4Nd96,0
Fe3Nd97,0
Fe2Nd98,0
Fe1Nd99,0
Fe0Nd100,0
Fe100Pr0,0
Fe99Pr1,0
Fe98Pr2,0
Fe97Pr3,0
Fe96Pr4,0
Fe95Pr5,0
Fe94Pr6,0
Fe93Pr7,0
Fe92Pr8,0
Fe91Pr9,0
Fe90Pr10,0
Fe89Pr11,0
Fe88Pr12,0
Fe87Pr13,0
Fe86Pr14,0
Fe85Pr15,0
Fe84Pr16,0
Fe83Pr17,0
Fe82Pr18,0
Fe81Pr19,0
Fe80Pr20,0
Fe79Pr21,0
Fe78Pr22,0
Fe77Pr23,0
Fe76Pr24,0
Fe75Pr25,0
Fe74Pr26,0
Fe73Pr27,0
Fe72Pr28,0
Fe71Pr29,0
Fe70Pr30,0
Fe69Pr31,0
Fe68Pr32,0
Fe67Pr33,0
Fe66Pr34,0
Fe65Pr35,0
Fe64Pr36,0
Fe63Pr37,0
Fe62Pr38,0
Fe61Pr39,0
Fe60Pr40,0
Fe59Pr41,0
Fe58Pr42,0
Fe57Pr43,0
Fe56Pr44,0
Fe55Pr45,1
Fe54Pr46,1
Fe53Pr47,1
Fe52Pr48,1
Fe51Pr49,1
Fe50Pr50,1
Fe49Pr51,1
Fe48Pr52,1
Fe47Pr53,1
Fe46Pr54,1
Fe45Pr55,1
Fe44Pr56,1
Fe43Pr57,1
Fe42Pr58,1
Fe41Pr59,1
Fe40Pr60,1
Fe39Pr61,1
Fe38Pr62,1
Fe37Pr63,1
Fe36Pr64,1
Fe35Pr65,1
Fe34Pr66,1
Fe33Pr67,1
Fe32Pr68,1
Fe31Pr69,1
Fe30Pr70,1
Fe29Pr71,1
Fe28Pr72,1
Fe27Pr73,1
Fe26Pr74,1
Fe25Pr75,1
Fe24Pr76,1
Fe23Pr77,1
Fe22Pr78,1
Fe21Pr79,1
Fe20Pr80,1
Fe19Pr81,1
Fe18Pr82,1
Fe17Pr83,1
Fe16Pr84,1
Fe15Pr85,1
Fe14Pr86,1
Fe13Pr87,1
Fe12Pr88,1
Fe11Pr89,1
Fe10Pr90,1
Fe9Pr91,0
Fe8Pr92,0
Fe7Pr93,0
Fe6Pr94,0
Fe5Pr95,0
Fe4Pr96,0
Fe3Pr97,0
Fe2Pr98,0
Fe1Pr99,0
Fe0Pr100,0
Fe100Y0,0
Fe99Y1,0
Fe98Y2,0
Fe97Y3,0
Fe96Y4,0
Fe95Y5,0
Fe94Y6,0
Fe93Y7,0
Fe92Y8,0
Fe91Y9,0
Fe90Y10,0
Fe89Y11,0
Fe88Y12,0
Fe87Y13,0
Fe86Y14,0
Fe85Y15,0
Fe84Y16,0
Fe83Y17,0
Fe82Y18,0
Fe81Y19,0
Fe80Y20,1
Fe79Y21,1
Fe78Y22,1
Fe77Y23,1
Fe76Y24,1
Fe75Y25,1
Fe74Y26,1
Fe73Y27,1
Fe72Y28,1
Fe71Y29,1
Fe70Y30,1
Fe69Y31,1
Fe68Y32,1
Fe67Y33,1
Fe66Y34,1
Fe65Y35,1
Fe64Y36,1
Fe63Y37,1
Fe62Y38,1
Fe61Y39,1
Fe60Y40,1
Fe59Y41,1
Fe58Y42,1
Fe57Y43,1
Fe56Y44,1
Fe55Y45,1
Fe54Y46,1
Fe53Y47,1
Fe52Y48,1
Fe51Y49,1
Fe50Y50,1
Fe49Y51,1
Fe48Y52,1
Fe47Y53,1
Fe46Y54,1
Fe45Y55,1
Fe44Y56,1
Fe43Y57,1
Fe42Y58,1
Fe41Y59,1
Fe40Y60,1
Fe39Y61,1
Fe38Y62,1
Fe37Y63,0
Fe36Y64,0
Fe35Y65,0
Fe34Y66,0
Fe33Y67,0
Fe32Y68,0
Fe31Y69,0
Fe30Y70,0
Fe29Y71,0
Fe28Y72,0
Fe27Y73,0
Fe26Y74,0
Fe25Y75,0
Fe24Y76,0
Fe23Y77,0
Fe22Y78,0
Fe21Y79,0
Fe20Y80,0
Fe19Y81,0
Fe18Y82,0
Fe17Y83,0
Fe16Y84,0
Fe15Y85,0
Fe14Y86,0
Fe13Y87,0
Fe12Y88,0
Fe11Y89,0
Fe10Y90,0
Fe9Y91,0
Fe8Y92,0
Fe7Y93,0
Fe6Y94,0
Fe5Y95,0
Fe4Y96,0
Fe3Y97,0
Fe2Y98,0
Fe1Y99,0
Fe0Y100,0
Fe100Zr0,0
Fe99Zr1,0
Fe98Zr2,0
Fe97Zr3,0
Fe96Zr4,0
Fe95Zr5,0
Fe94Zr6,0
Fe93Zr7,0
Fe92Zr8,0
Fe91Zr9,1
Fe90Zr10,1
Fe89Zr11,1
Fe88Zr12,1
Fe87Zr13,1
Fe86Zr14,0
Fe85Zr15,0
Fe84Zr16,0
Fe83Zr17,0
Fe82Zr18,0
Fe81Zr19,0
Fe80Zr20,0
Fe79Zr21,0
Fe78Zr22,0
Fe77Zr23,0
Fe76Zr24,0
Fe75Zr25,0
Fe74Zr26,0
Fe73Zr27,0
Fe72Zr28,0
Fe71Zr29,0
Fe70Zr30,0
Fe69Zr31,0
Fe68Zr32,0
Fe67Zr33,0
Fe66Zr34,0
Fe65Zr35,0
Fe64Zr36,0
Fe63Zr37,0
Fe62Zr38,0
Fe61Zr39,0
Fe60Zr40,0
Fe59Zr41,0
Fe58Zr42,0
Fe57Zr43,0
Fe56Zr44,0
Fe55Zr45,0
Fe54Zr46,0
Fe53Zr47,0
Fe52Zr48,0
Fe51Zr49,0
Fe50Zr50,0
Fe49Zr51,0
Fe48Zr52,0
Fe47Zr53,0
Fe46Zr54,0
Fe45Zr55,0
Fe44Zr56,0
Fe43Zr57,0
Fe42Zr58,0
Fe41Zr59,0
Fe40Zr60,0
Fe39Zr61,0
Fe38Zr62,0
Fe37Zr63,0
Fe36Zr64,0
Fe35Zr65,0
Fe34Zr66,0
Fe33Zr67,0
Fe32Zr68,0
Fe31Zr69,0
Fe30Zr70,0
Fe29Zr71,0
Fe28Zr72,0
Fe27Zr73,0
Fe26Zr74,0
Fe25Zr75,0
Fe24Zr76,0
Fe23Zr77,0
Fe22Zr78,0
Fe21Zr79,0
Fe20Zr80,0
Fe19Zr81,0
Fe18Zr82,0
Fe17Zr83,0
Fe16Zr84,0
Fe15Zr85,0
Fe14Zr86,0
Fe13Zr87,0
Fe12Zr88,0
Fe11Zr89,0
Fe10Zr90,0
Fe9Zr91,0
Fe8Zr92,0
Fe7Zr93,0
Fe6Zr94,0
Fe5Zr95,0
Fe4Zr96,0
Fe3Zr97,0
Fe2Zr98,0
Fe1Zr99,0
Fe0Zr100,0
Fe91Zr9,0
Fe90Zr10,0
Fe89Zr11,0
Fe88Zr12,0
Fe87Zr13,0
Fe44Zr56,1
Fe43Zr57,1
Fe42Zr58,1
Fe41Zr59,1
Fe40Zr60,1
Fe39Zr61,1
Fe38Zr62,1
Fe37Zr63,1
Fe36Zr64,1
Fe35Zr65,1
Fe34Zr66,1
Fe33Zr67,1
Fe32Zr68,1
Fe31Zr69,1
Fe30Zr70,1
Fe29Zr71,1
Fe28Zr72,1
Fe27Zr73,1
Fe26Zr74,1
Fe25Zr75,1
Fe24Zr76,1
Fe23Zr77,1
Fe22Zr78,1
Fe21Zr79,1
Fe20Zr80,1
Fe19Zr81,1
Fe18Zr82,1
Ge100Te0,0
Ge99Te1,0
Ge98Te2,0
Ge97Te3,0
Ge96Te4,0
Ge95Te5,0
Ge94Te6,0
Ge93Te7,0
Ge92Te8,0
Ge91Te9,0
Ge90Te10,0
Ge89Te11,0
Ge88Te12,0
Ge87Te13,0
Ge86Te14,0
Ge85Te15,0
Ge84Te16,0
Ge83Te17,0
Ge82Te18,0
Ge81Te19,0
Ge80Te20,0
Ge79Te21,0
Ge78Te22,0
Ge77Te23,0
Ge76Te24,0
Ge75Te25,0
Ge74Te26,0
Ge73Te27,0
Ge72Te28,0
Ge71Te29,0
Ge70Te30,0
Ge69Te31,0
Ge68Te32,0
Ge67Te33,0
Ge66Te34,0
Ge65Te35,0
Ge64Te36,0
Ge63Te37,0
Ge62Te38,0
Ge61Te39,0
Ge60Te40,0
Ge59Te41,0
Ge58Te42,0
Ge57Te43,0
Ge56Te44,0
Ge55Te45,0
Ge54Te46,0
Ge53Te47,0
Ge52Te48,0
Ge51Te49,0
Ge50Te50,0
Ge49Te51,0
Ge48Te52,0
Ge47Te53,0
Ge46Te54,0
Ge45Te55,0
Ge44Te56,0
Ge43Te57,0
Ge42Te58,0
Ge41Te59,0
Ge40Te60,0
Ge39Te61,0
Ge38Te62,0
Ge37Te63,0
Ge36Te64,0
Ge35Te65,0
Ge34Te66,0
Ge33Te67,0
Ge32Te68,0
Ge31Te69,0
Ge30Te70,0
Ge29Te71,0
Ge28Te72,0
Ge27Te73,0
Ge26Te74,0
Ge25Te75,1
Ge24Te76,1
Ge23Te77,1
Ge22Te78,1
Ge21Te79,1
Ge20Te80,1
Ge19Te81,1
Ge18Te82,1
Ge17Te83,1
Ge16Te84,1
Ge15Te85,1
Ge14Te86,1
Ge13Te87,1
Ge12Te88,1
Ge11Te89,1
Ge10Te90,1
Ge9Te91,0
Ge8Te92,0
Ge7Te93,0
Ge6Te94,0
Ge5Te95,0
Ge4Te96,0
Ge3Te97,0
Ge2Te98,0
Ge1Te99,0
Ge0Te100,0
Ge100Zr0,0
Ge99Zr1,0
Ge98Zr2,0
Ge97Zr3,0
Ge96Zr4,0
Ge95Zr5,0
Ge94Zr6,0
Ge93Zr7,0
Ge92Zr8,0
Ge91Zr9,0
Ge90Zr10,0
Ge89Zr11,0
Ge88Zr12,0
Ge87Zr13,0
Ge86Zr14,0
Ge85Zr15,0
Ge84Zr16,0
Ge83Zr17,0
Ge82Zr18,0
Ge81Zr19,0
Ge80Zr20,0
Ge79Zr21,0
Ge78Zr22,0
Ge77Zr23,0
Ge76Zr24,0
Ge75Zr25,0
Ge74Zr26,0
Ge73Zr27,0
Ge72Zr28,0
Ge71Zr29,0
Ge70Zr30,0
Ge69Zr31,0
Ge68Zr32,0
Ge67Zr33,0
Ge66Zr34,0
Ge65Zr35,0
Ge64Zr36,0
Ge63Zr37,0
Ge62Zr38,0
Ge61Zr39,0
Ge60Zr40,0
Ge59Zr41,0
Ge58Zr42,0
Ge57Zr43,0
Ge56Zr44,0
Ge55Zr45,0
Ge54Zr46,0
Ge53Zr47,0
Ge52Zr48,0
Ge51Zr49,0
Ge50Zr50,0
Ge49Zr51,0
Ge48Zr52,0
Ge47Zr53,0
Ge46Zr54,0
Ge45Zr55,0
Ge44Zr56,0
Ge43Zr57,0
Ge42Zr58,0
Ge41Zr59,0
Ge40Zr60,0
Ge39Zr61,0
Ge38Zr62,0
Ge37Zr63,0
Ge36Zr64,0
Ge35Zr65,0
Ge34Zr66,0
Ge33Zr67,0
Ge32Zr68,0
Ge31Zr69,0
Ge30Zr70,0
Ge29Zr71,0
Ge28Zr72,0
Ge27Zr73,0
Ge26Zr74,0
Ge25Zr75,0
Ge24Zr76,0
Ge23Zr77,0
Ge22Zr78,0
Ge21Zr79,0
Ge20Zr80,0
Ge19Zr81,1
Ge18Zr82,1
Ge17Zr83,1
Ge16Zr84,1
Ge15Zr85,1
Ge14Zr86,1
Ge13Zr87,1
Ge12Zr88,1
Ge11Zr89,0
Ge10Zr90,0
Ge9Zr91,0
Ge8Zr92,0
Ge7Zr93,0
Ge6Zr94,0
Ge5Zr95,0
Ge4Zr96,0
Ge3Zr97,0
Ge2Zr98,0
Ge1Zr99,0
Ge0Zr100,0
Hf100Ni0,0
Hf99Ni1,0
Hf98Ni2,0
Hf97Ni3,0
Hf96Ni4,0
Hf95Ni5,0
Hf94Ni6,0
Hf93Ni7,0
Hf92Ni8,0
Hf91Ni9,0
Hf90Ni10,0
Hf89Ni11,0
Hf88Ni12,0
Hf87Ni13,0
Hf86Ni14,0
Hf85Ni15,0
Hf84Ni16,0
Hf83Ni17,0
Hf82Ni18,0
Hf81Ni19,0
Hf80Ni20,0
Hf79Ni21,0
Hf78Ni22,0
Hf77Ni23,0
Hf76Ni24,0
Hf75Ni25,0
Hf74Ni26,0
Hf73Ni27,0
Hf72Ni28,0
Hf71Ni29,0
Hf70Ni30,1
Hf69Ni31,1
Hf68Ni32,1
Hf67Ni33,1
Hf66Ni34,1
Hf65Ni35,1
Hf64Ni36,1
Hf63Ni37,1
Hf62Ni38,1
Hf61Ni39,1
Hf60Ni40,1
Hf59Ni41,1
Hf58Ni42,1
Hf57Ni43,1
Hf56Ni44,1
Hf55Ni45,1
Hf54Ni46,1
Hf53Ni47,1
Hf52Ni48,1
Hf51Ni49,1
Hf50Ni50,1
Hf49Ni51,1
Hf48Ni52,1
Hf47Ni53,1
Hf46Ni54,1
Hf45Ni55,1
Hf44Ni56,1
Hf43Ni57,1
Hf42Ni58,1
Hf41Ni59,1
Hf40Ni60,1
Hf39Ni61,1
Hf38Ni62,1
Hf37Ni63,1
Hf36Ni64,1
Hf35Ni65,1
Hf34Ni66,1
Hf33Ni67,1
Hf32Ni68,1
Hf31Ni69,1
Hf30Ni70,1
Hf29Ni71,0
Hf28Ni72,0
Hf27Ni73,0
Hf26Ni74,0
Hf25Ni75,0
Hf24Ni76,0
Hf23Ni77,0
Hf22Ni78,0
Hf21Ni79,0
Hf20Ni80,0
Hf19Ni81,0
Hf18Ni82,0
Hf17Ni83,0
Hf16Ni84,0
Hf15Ni85,0
Hf14Ni86,0
Hf13Ni87,0
Hf12Ni88,0
Hf11Ni89,0
Hf10Ni90,0
Hf9Ni91,0
Hf8Ni92,0
Hf7Ni93,0
Hf6Ni94,0
Hf5Ni95,0
Hf4Ni96,0
Hf3Ni97,0
Hf2Ni98,0
Hf1Ni99,0
Hf0Ni100,0
La100Ni0,0
La99Ni1,0
La98Ni2,0
La97Ni3,0
La96Ni4,0
La95Ni5,0
La94Ni6,0
La93Ni7,0
La92Ni8,0
La91Ni9,0
La90Ni10,0
La89Ni11,0
La88Ni12,0
La87Ni13,0
La86Ni14,0
La85Ni15,0
La84Ni16,0
La83Ni17,0
La82Ni18,0
La81Ni19,0
La80Ni20,0
La79Ni21,0
La78Ni22,0
La77Ni23,0
La76Ni24,0
La75Ni25,0
La74Ni26,0
La73Ni27,0
La72Ni28,0
La71Ni29,0
La70Ni30,1
La69Ni31,1
La68Ni32,1
La67Ni33,1
La66Ni34,1
La65Ni35,1
La64Ni36,1
La63Ni37,1
La62Ni38,1
La61Ni39,1
La60Ni40,1
La59Ni41,0
La58Ni42,0
La57Ni43,0
La56Ni44,0
La55Ni45,0
La54Ni46,0
La53Ni47,0
La52Ni48,0
La51Ni49,0
La50Ni50,0
La49Ni51,0
La48Ni52,0
La47Ni53,0
La46Ni54,0
La45Ni55,0
La44Ni56,0
La43Ni57,0
La42Ni58,0
La41Ni59,0
La40Ni60,0
La39Ni61,0
La38Ni62,0
La37Ni63,0
La36Ni64,0
La35Ni65,0
La34Ni66,0
La33Ni67,0
La32Ni68,0
La31Ni69,0
La30Ni70,0
La29Ni71,0
La28Ni72,0
La27Ni73,0
La26Ni74,0
La25Ni75,0
La24Ni76,0
La23Ni77,0
La22Ni78,0
La21Ni79,0
La20Ni80,0
La19Ni81,0
La18Ni82,0
La17Ni83,0
La16Ni84,0
La15Ni85,0
La14Ni86,0
La13Ni87,0
La12Ni88,0
La11Ni89,0
La10Ni90,0
La9Ni91,0
La8Ni92,0
La7Ni93,0
La6Ni94,0
La5Ni95,0
La4Ni96,0
La3Ni97,0
La2Ni98,0
La1Ni99,0
La0Ni100,0
La100Au0,0
La99Au1,0
La98Au2,0
La97Au3,0
La96Au4,0
La95Au5,0
La94Au6,0
La93Au7,0
La92Au8,0
La91Au9,0
La90Au10,0
La89Au11,0
La88Au12,0
La87Au13,0
La86Au14,0
La85Au15,0
La84Au16,0
La83Au17,0
La82Au18,1
La81Au19,1
La80Au20,1
La79Au21,1
La78Au22,1
La77Au23,1
La76Au24,1
La75Au25,1
La74Au26,1
La73Au27,0
La72Au28,0
La71Au29,0
La70Au30,0
La69Au31,0
La68Au32,0
La67Au33,0
La66Au34,0
La65Au35,0
La64Au36,0
La63Au37,0
La62Au38,0
La61Au39,0
La60Au40,0
La59Au41,0
La58Au42,0
La57Au43,0
La56Au44,0
La55Au45,0
La54Au46,0
La53Au47,0
La52Au48,0
La51Au49,0
La50Au50,0
La49Au51,0
La48Au52,0
La47Au53,0
La46Au54,0
La45Au55,0
La44Au56,0
La43Au57,0
La42Au58,0
La41Au59,0
La40Au60,0
La39Au61,0
La38Au62,0
La37Au63,0
La36Au64,0
La35Au65,0
La34Au66,0
La33Au67,0
La32Au68,0
La31Au69,0
La30Au70,0
La29Au71,0
La28Au72,0
La27Au73,0
La26Au74,0
La25Au75,0
La24Au76,0
La23Au77,0
La22Au78,0
La21Au79,0
La20Au80,0
La19Au81,0
La18Au82,0
La17Au83,0
La16Au84,0
La15Au85,0
La14Au86,0
La13Au87,0
La12Au88,0
La11Au89,0
La10Au90,0
La9Au91,0
La8Au92,0
La7Au93,0
La6Au94,0
La5Au95,0
La4Au96,0
La3Au97,0
La2Au98,0
La1Au99,0
La0Au100,0
Mg100Y0,0
Mg99Y1,0
Mg98Y2,0
Mg97Y3,0
Mg96Y4,0
Mg95Y5,0
Mg94Y6,0
Mg93Y7,0
Mg92Y8,0
Mg91Y9,0
Mg90Y10,0
Mg89Y11,0
Mg88Y12,0
Mg87Y13,0
Mg86Y14,0
Mg85Y15,1
Mg84Y16,1
Mg83Y17,0
Mg82Y18,0
Mg81Y19,0
Mg80Y20,0
Mg79Y21,0
Mg78Y22,0
Mg77Y23,0
Mg76Y24,0
Mg75Y25,0
Mg74Y26,0
Mg73Y27,0
Mg72Y28,0
Mg71Y29,0
Mg70Y30,0
Mg69Y31,0
Mg68Y32,0
Mg67Y33,0
Mg66Y34,0
Mg65Y35,0
Mg64Y36,0
Mg63Y37,0
Mg62Y38,0
Mg61Y39,0
Mg60Y40,0
Mg59Y41,0
Mg58Y42,0
Mg57Y43,0
Mg56Y44,0
Mg55Y45,0
Mg54Y46,0
Mg53Y47,0
Mg52Y48,0
Mg51Y49,0
Mg50Y50,0
Mg49Y51,0
Mg48Y52,0
Mg47Y53,0
Mg46Y54,0
Mg45Y55,0
Mg44Y56,0
Mg43Y57,0
Mg42Y58,0
Mg41Y59,0
Mg40Y60,0
Mg39Y61,0
Mg38Y62,0
Mg37Y63,0
Mg36Y64,0
Mg35Y65,0
Mg34Y66,0
Mg33Y67,0
Mg32Y68,0
Mg31Y69,0
Mg30Y70,0
Mg29Y71,0
Mg28Y72,0
Mg27Y73,0
Mg26Y74,0
Mg25Y75,0
Mg24Y76,0
Mg23Y77,0
Mg22Y78,0
Mg21Y79,0
Mg20Y80,0
Mg19Y81,0
Mg18Y82,0
Mg17Y83,0
Mg16Y84,0
Mg15Y85,0
Mg14Y86,0
Mg13Y87,0
Mg12Y88,0
Mg11Y89,0
Mg10Y90,0
Mg9Y91,0
Mg8Y92,0
Mg7Y93,0
Mg6Y94,0
Mg5Y95,0
Mg4Y96,0
Mg3Y97,0
Mg2Y98,0
Mg1Y99,0
Mg0Y100,0
Mg100Zn0,0
Mg99Zn1,0
Mg98Zn2,0
Mg97Zn3,0
Mg96Zn4,0
Mg95Zn5,0
Mg94Zn6,0
Mg93Zn7,0
Mg92Zn8,0
Mg91Zn9,0
Mg90Zn10,0
Mg89Zn11,0
Mg88Zn12,0
Mg87Zn13,0
Mg86Zn14,0
Mg85Zn15,0
Mg84Zn16,0
Mg83Zn17,0
Mg82Zn18,0
Mg81Zn19,0
Mg80Zn20,0
Mg79Zn21,0
Mg78Zn22,0
Mg77Zn23,0
Mg76Zn24,1
Mg75Zn25,1
Mg74Zn26,1
Mg73Zn27,1
Mg72Zn28,1
Mg71Zn29,1
Mg70Zn30,1
Mg69Zn31,1
Mg68Zn32,1
Mg67Zn33,1
Mg66Zn34,1
Mg65Zn35,1
Mg64Zn36,0
Mg63Zn37,0
Mg62Zn38,0
Mg61Zn39,0
Mg60Zn40,0
Mg59Zn41,0
Mg58Zn42,0
Mg57Zn43,0
Mg56Zn44,0
Mg55Zn45,0
Mg54Zn46,0
Mg53Zn47,0
Mg52Zn48,0
Mg51Zn49,0
Mg50Zn50,0
Mg49Zn51,0
Mg48Zn52,0
Mg47Zn53,0
Mg46Zn54,0
Mg45Zn55,0
Mg44Zn56,0
Mg43Zn57,0
Mg42Zn58,0
Mg41Zn59,0
Mg40Zn60,0
Mg39Zn61,0
Mg38Zn62,0
Mg37Zn63,0
Mg36Zn64,0
Mg35Zn65,0
Mg34Zn66,0
Mg33Zn67,0
Mg32Zn68,0
Mg31Zn69,0
Mg30Zn70,0
Mg29Zn71,0
Mg28Zn72,0
Mg27Zn73,0
Mg26Zn74,0
Mg25Zn75,0
Mg24Zn76,0
Mg23Zn77,0
Mg22Zn78,0
Mg21Zn79,0
Mg20Zn80,0
Mg19Zn81,0
Mg18Zn82,0
Mg17Zn83,0
Mg16Zn84,0
Mg15Zn85,0
Mg14Zn86,0
Mg13Zn87,0
Mg12Zn88,0
Mg11Zn89,0
Mg10Zn90,0
Mg9Zn91,0
Mg8Zn92,0
Mg7Zn93,0
Mg6Zn94,0
Mg5Zn95,0
Mg4Zn96,0
Mg3Zn97,0
Mg2Zn98,0
Mg1Zn99,0
Mg0Zn100,0
Nb100Ni0,0
Nb99Ni1,0
Nb98Ni2,0
Nb97Ni3,0
Nb96Ni4,0
Nb95Ni5,0
Nb94Ni6,0
Nb93Ni7,0
Nb92Ni8,0
Nb91Ni9,0
Nb90Ni10,0
Nb89Ni11,0
Nb88Ni12,0
Nb87Ni13,0
Nb86Ni14,0
Nb85Ni15,0
Nb84Ni16,0
Nb83Ni17,0
Nb82Ni18,0
Nb81Ni19,0
Nb80Ni20,0
Nb79Ni21,0
Nb78Ni22,0
Nb77Ni23,0
Nb76Ni24,0
Nb75Ni25,0
Nb74Ni26,0
Nb73Ni27,0
Nb72Ni28,0
Nb71Ni29,0
Nb70Ni30,0
Nb69Ni31,0
Nb68Ni32,0
Nb67Ni33,0
Nb66Ni34,0
Nb65Ni35,0
Nb64Ni36,0
Nb63Ni37,0
Nb62Ni38,0
Nb61Ni39,0
Nb60Ni40,1
Nb59Ni41,1
Nb58Ni42,1
Nb57Ni43,1
Nb56Ni44,1
Nb55Ni45,1
Nb54Ni46,1
Nb53Ni47,1
Nb52Ni48,1
Nb51Ni49,1
Nb50Ni50,1
Nb49Ni51,1
Nb48Ni52,1
Nb47Ni53,1
Nb46Ni54,1
Nb45Ni55,1
Nb44Ni56,1
Nb43Ni57,1
Nb42Ni58,1
Nb41Ni59,1
Nb40Ni60,1
Nb39Ni61,1
Nb38Ni62,1
Nb37Ni63,1
Nb36Ni64,0
Nb35Ni65,0
Nb34Ni66,0
Nb33Ni67,0
Nb32Ni68,0
Nb31Ni69,0
Nb30Ni70,0
Nb29Ni71,0
Nb28Ni72,0
Nb27Ni73,0
Nb26Ni74,0
Nb25Ni75,0
Nb24Ni76,0
Nb23Ni77,0
Nb22Ni78,0
Nb21Ni79,0
Nb20Ni80,0
Nb19Ni81,0
Nb18Ni82,0
Nb17Ni83,0
Nb16Ni84,0
Nb15Ni85,0
Nb14Ni86,0
Nb13Ni87,0
Nb12Ni88,0
Nb11Ni89,0
Nb10Ni90,0
Nb9Ni91,0
Nb8Ni92,0
Nb7Ni93,0
Nb6Ni94,0
Nb5Ni95,0
Nb4Ni96,0
Nb3Ni97,0
Nb2Ni98,0
Nb1Ni99,0
Nb0Ni100,0
Ni100B0,0
Ni99B1,0
Ni98B2,0
Ni97B3,0
Ni96B4,0
Ni95B5,0
Ni94B6,0
Ni93B7,0
Ni92B8,0
Ni91B9,0
Ni90B10,0
Ni89B11,0
Ni88B12,0
Ni87B13,0
Ni86B14,0
Ni85B15,0
Ni84B16,0
Ni83B17,0
Ni82B18,0
Ni81B19,0
Ni80B20,0
Ni79B21,0
Ni78B22,0
Ni77B23,0
Ni76B24,0
Ni75B25,0
Ni74B26,0
Ni73B27,0
Ni72B28,1
Ni71B29,1
Ni70B30,1
Ni69B31,1
Ni68B32,1
Ni67B33,1
Ni66B34,1
Ni65B35,1
Ni64B36,1
Ni63B37,1
Ni62B38,1
Ni61B39,1
Ni60B40,1
Ni59B41,1
Ni58B42,0
Ni57B43,0
Ni56B44,0
Ni55B45,0
Ni54B46,0
Ni53B47,0
Ni52B48,0
Ni51B49,0
Ni50B50,0
Ni49B51,0
Ni48B52,0
Ni47B53,0
Ni46B54,0
Ni45B55,0
Ni44B56,0
Ni43B57,0
Ni42B58,0
Ni41B59,0
Ni40B60,0
Ni39B61,0
Ni38B62,0
Ni37B63,0
Ni36B64,0
Ni35B65,0
Ni34B66,0
Ni33B67,0
Ni32B68,0
Ni31B69,0
Ni30B70,0
Ni29B71,0
Ni28B72,0
Ni27B73,0
Ni26B74,0
Ni25B75,0
Ni24B76,0
Ni23B77,0
Ni22B78,0
Ni21B79,0
Ni20B80,0
Ni19B81,0
Ni18B82,0
Ni17B83,0
Ni16B84,0
Ni15B85,0
Ni14B86,0
Ni13B87,0
Ni12B88,0
Ni11B89,0
Ni10B90,0
Ni9B91,0
Ni8B92,0
Ni7B93,0
Ni6B94,0
Ni5B95,0
Ni4B96,0
Ni3B97,0
Ni2B98,0
Ni1B99,0
Ni0B100,0
Ni100Ta0,0
Ni99Ta1,0
Ni98Ta2,0
Ni97Ta3,0
Ni96Ta4,0
Ni95Ta5,0
Ni94Ta6,0
Ni93Ta7,0
Ni92Ta8,0
Ni91Ta9,0
Ni90Ta10,0
Ni89Ta11,0
Ni88Ta12,0
Ni87Ta13,0
Ni86Ta14,0
Ni85Ta15,0
Ni84Ta16,0
Ni83Ta17,0
Ni82Ta18,0
Ni81Ta19,0
Ni80Ta20,0
Ni79Ta21,0
Ni78Ta22,0
Ni77Ta23,0
Ni76Ta24,0
Ni75Ta25,0
Ni74Ta26,0
Ni73Ta27,0
Ni72Ta28,0
Ni71Ta29,0
Ni70Ta30,1
Ni69Ta31,1
Ni68Ta32,1
Ni67Ta33,1
Ni66Ta34,1
Ni65Ta35,1
Ni64Ta36,1
Ni63Ta37,1
Ni62Ta38,1
Ni61Ta39,1
Ni60Ta40,1
Ni59Ta41,1
Ni58Ta42,1
Ni57Ta43,1
Ni56Ta44,1
Ni55Ta45,1
Ni54Ta46,1
Ni53Ta47,1
Ni52Ta48,1
Ni51Ta49,1
Ni50Ta50,1
Ni49Ta51,0
Ni48Ta52,0
Ni47Ta53,0
Ni46Ta54,0
Ni45Ta55,0
Ni44Ta56,0
Ni43Ta57,0
Ni42Ta58,0
Ni41Ta59,0
Ni40Ta60,0
Ni39Ta61,0
Ni38Ta62,0
Ni37Ta63,0
Ni36Ta64,0
Ni35Ta65,0
Ni34Ta66,0
Ni33Ta67,0
Ni32Ta68,0
Ni31Ta69,0
Ni30Ta70,0
Ni29Ta71,0
Ni28Ta72,0
Ni27Ta73,0
Ni26Ta74,0
Ni25Ta75,0
Ni24Ta76,0
Ni23Ta77,0
Ni22Ta78,0
Ni21Ta79,0
Ni20Ta80,0
Ni19Ta81,0
Ni18Ta82,0
Ni17Ta83,0
Ni16Ta84,0
Ni15Ta85,0
Ni14Ta86,0
Ni13Ta87,0
Ni12Ta88,0
Ni11Ta89,0
Ni10Ta90,0
Ni9Ta91,0
Ni8Ta92,0
Ni7Ta93,0
Ni6Ta94,0
Ni5Ta95,0
Ni4Ta96,0
Ni3Ta97,0
Ni2Ta98,0
Ni1Ta99,0
Ni0Ta100,0
Ni100Zr0,0
Ni99Zr1,0
Ni98Zr2,0
Ni97Zr3,0
Ni96Zr4,0
Ni95Zr5,0
Ni94Zr6,0
Ni93Zr7,0
Ni92Zr8,0
Ni91Zr9,0
Ni90Zr10,0
Ni89Zr11,0
Ni88Zr12,0
Ni87Zr13,0
Ni86Zr14,0
Ni85Zr15,0
Ni84Zr16,0
Ni83Zr17,0
Ni82Zr18,0
Ni81Zr19,0
Ni80Zr20,1
Ni79Zr21,1
Ni78Zr22,1
Ni77Zr23,1
Ni76Zr24,1
Ni75Zr25,1
Ni74Zr26,1
Ni73Zr27,1
Ni72Zr28,1
Ni71Zr29,1
Ni70Zr30,1
Ni69Zr31,1
Ni68Zr32,1
Ni67Zr33,1
Ni66Zr34,1
Ni65Zr35,1
Ni64Zr36,1
Ni63Zr37,1
Ni62Zr38,1
Ni61Zr39,1
Ni60Zr40,1
Ni59Zr41,1
Ni58Zr42,1
Ni57Zr43,1
Ni56Zr44,1
Ni55Zr45,1
Ni54Zr46,1
Ni53Zr47,1
Ni52Zr48,1
Ni51Zr49,1
Ni50Zr50,1
Ni49Zr51,1
Ni48Zr52,1
Ni47Zr53,1
Ni46Zr54,1
Ni45Zr55,1
Ni44Zr56,1
Ni43Zr57,1
Ni42Zr58,1
Ni41Zr59,1
Ni40Zr60,1
Ni39Zr61,1
Ni38Zr62,1
Ni37Zr63,1
Ni36Zr64,1
Ni35Zr65,1
Ni34Zr66,1
Ni33Zr67,1
Ni32Zr68,1
Ni31Zr69,1
Ni30Zr70,1
Ni29Zr71,1
Ni28Zr72,1
Ni27Zr73,1
Ni26Zr74,1
Ni25Zr75,1
Ni24Zr76,1
Ni23Zr77,1
Ni22Zr78,1
Ni21Zr79,1
Ni20Zr80,1
Ni19Zr81,0
Ni18Zr82,0
Ni17Zr83,0
Ni16Zr84,0
Ni15Zr85,0
Ni14Zr86,0
Ni13Zr87,0
Ni12Zr88,0
Ni11Zr89,0
Ni10Zr90,0
Ni9Zr91,0
Ni8Zr92,0
Ni7Zr93,0
Ni6Zr94,0
Ni5Zr95,0
Ni4Zr96,0
Ni3Zr97,0
Ni2Zr98,0
Ni1Zr99,0
Ni0Zr100,0
Pd100Zr0,0
Pd99Zr1,0
Pd98Zr2,0
Pd97Zr3,0
Pd96Zr4,0
Pd95Zr5,0
Pd94Zr6,0
Pd93Zr7,0
Pd92Zr8,0
Pd91Zr9,0
Pd90Zr10,0
Pd89Zr11,0
Pd88Zr12,0
Pd87Zr13,0
Pd86Zr14,0
Pd85Zr15,0
Pd84Zr16,0
Pd83Zr17,0
Pd82Zr18,0
Pd81Zr19,0
Pd80Zr20,0
Pd79Zr21,0
Pd78Zr22,0
Pd77Zr23,0
Pd76Zr24,0
Pd75Zr25,0
Pd74Zr26,0
Pd73Zr27,0
Pd72Zr28,0
Pd71Zr29,0
Pd70Zr30,0
Pd69Zr31,0
Pd68Zr32,0
Pd67Zr33,0
Pd66Zr34,0
Pd65Zr35,0
Pd64Zr36,0
Pd63Zr37,0
Pd62Zr38,0
Pd61Zr39,0
Pd60Zr40,0
Pd59Zr41,0
Pd58Zr42,0
Pd57Zr43,0
Pd56Zr44,0
Pd55Zr45,0
Pd54Zr46,0
Pd53Zr47,0
Pd52Zr48,0
Pd51Zr49,0
Pd50Zr50,0
Pd49Zr51,0
Pd48Zr52,0
Pd47Zr53,0
Pd46Zr54,0
Pd45Zr55,0
Pd44Zr56,0
Pd43Zr57,0
Pd42Zr58,0
Pd41Zr59,0
Pd40Zr60,0
Pd39Zr61,0
Pd38Zr62,0
Pd37Zr63,0
Pd36Zr64,0
Pd35Zr65,1
Pd34Zr66,1
Pd33Zr67,1
Pd32Zr68,1
Pd31Zr69,1
Pd30Zr70,1
Pd29Zr71,0
Pd28Zr72,0
Pd27Zr73,0
Pd26Zr74,0
Pd25Zr75,0
Pd24Zr76,0
Pd23Zr77,0
Pd22Zr78,0
Pd21Zr79,0
Pd20Zr80,0
Pd19Zr81,0
Pd18Zr82,0
Pd17Zr83,0
Pd16Zr84,0
Pd15Zr85,0
Pd14Zr86,0
Pd13Zr87,0
Pd12Zr88,0
Pd11Zr89,0
Pd10Zr90,0
Pd9Zr91,0
Pd8Zr92,0
Pd7Zr93,0
Pd6Zr94,0
Pd5Zr95,0
Pd4Zr96,0
Pd3Zr97,0
Pd2Zr98,0
Pd1Zr99,0
Pd0Zr100,0
Pt100Zr0,0
Pt99Zr1,0
Pt98Zr2,0
Pt97Zr3,0
Pt96Zr4,0
Pt95Zr5,0
Pt94Zr6,0
Pt93Zr7,0
Pt92Zr8,0
Pt91Zr9,0
Pt90Zr10,0
Pt89Zr11,0
Pt88Zr12,0
Pt87Zr13,0
Pt86Zr14,0
Pt85Zr15,0
Pt84Zr16,0
Pt83Zr17,0
Pt82Zr18,0
Pt81Zr19,0
Pt80Zr20,0
Pt79Zr21,0
Pt78Zr22,0
Pt77Zr23,0
Pt76Zr24,0
Pt75Zr25,0
Pt74Zr26,0
Pt73Zr27,0
Pt72Zr28,0
Pt71Zr29,0
Pt70Zr30,0
Pt69Zr31,0
Pt68Zr32,0
Pt67Zr33,0
Pt66Zr34,0
Pt65Zr35,0
Pt64Zr36,0
Pt63Zr37,0
Pt62Zr38,0
Pt61Zr39,0
Pt60Zr40,0
Pt59Zr41,0
Pt58Zr42,0
Pt57Zr43,0
Pt56Zr44,0
Pt55Zr45,0
Pt54Zr46,0
Pt53Zr47,0
Pt52Zr48,0
Pt51Zr49,0
Pt50Zr50,0
Pt49Zr51,0
Pt48Zr52,0
Pt47Zr53,0
Pt46Zr54,0
Pt45Zr55,0
Pt44Zr56,0
Pt43Zr57,0
Pt42Zr58,0
Pt41Zr59,0
Pt40Zr60,0
Pt39Zr61,0
Pt38Zr62,0
Pt37Zr63,0
Pt36Zr64,0
Pt35Zr65,0
Pt34Zr66,0
Pt33Zr67,0
Pt32Zr68,0
Pt31Zr69,0
Pt30Zr70,1
Pt29Zr71,1
Pt28Zr72,1
Pt27Zr73,1
Pt26Zr74,1
Pt25Zr75,1
Pt24Zr76,1
Pt23Zr77,1
Pt22Zr78,1
Pt21Zr79,1
Pt20Zr80,1
Pt19Zr81,0
Pt18Zr82,0
Pt17Zr83,0
Pt16Zr84,0
Pt15Zr85,0
Pt14Zr86,0
Pt13Zr87,0
Pt12Zr88,0
Pt11Zr89,0
Pt10Zr90,0
Pt9Zr91,0
Pt8Zr92,0
Pt7Zr93,0
Pt6Zr94,0
Pt5Zr95,0
Pt4Zr96,0
Pt3Zr97,0
Pt2Zr98,0
Pt1Zr99,0
Pt0Zr100,0
Rh100Zr0,0
Rh99Zr1,0
Rh98Zr2,0
Rh97Zr3,0
Rh96Zr4,0
Rh95Zr5,0
Rh94Zr6,0
Rh93Zr7,0
Rh92Zr8,0
Rh91Zr9,0
Rh90Zr10,0
Rh89Zr11,0
Rh88Zr12,0
Rh87Zr13,0
Rh86Zr14,0
Rh85Zr15,0
Rh84Zr16,0
Rh83Zr17,0
Rh82Zr18,0
Rh81Zr19,0
Rh80Zr20,0
Rh79Zr21,0
Rh78Zr22,0
Rh77Zr23,0
Rh76Zr24,0
Rh75Zr25,0
Rh74Zr26,0
Rh73Zr27,0
Rh72Zr28,0
Rh71Zr29,0
Rh70Zr30,0
Rh69Zr31,0
Rh68Zr32,0
Rh67Zr33,0
Rh66Zr34,0
Rh65Zr35,0
Rh64Zr36,0
Rh63Zr37,0
Rh62Zr38,0
Rh61Zr39,0
Rh60Zr40,0
Rh59Zr41,0
Rh58Zr42,0
Rh57Zr43,0
Rh56Zr44,0
Rh55Zr45,0
Rh54Zr46,0
Rh53Zr47,0
Rh52Zr48,0
Rh51Zr49,0
Rh50Zr50,0
Rh49Zr51,0
Rh48Zr52,0
Rh47Zr53,0
Rh46Zr54,0
Rh45Zr55,0
Rh44Zr56,0
Rh43Zr57,0
Rh42Zr58,0
Rh41Zr59,0
Rh40Zr60,0
Rh39Zr61,0
Rh38Zr62,0
Rh37Zr63,0
Rh36Zr64,0
Rh35Zr65,0
Rh34Zr66,1
Rh33Zr67,1
Rh32Zr68,1
Rh31Zr69,1
Rh30Zr70,1
Rh29Zr71,1
Rh28Zr72,1
Rh27Zr73,1
Rh26Zr74,1
Rh25Zr75,1
Rh24Zr76,1
Rh23Zr77,1
Rh22Zr78,1
Rh21Zr79,1
Rh20Zr80,1
Rh19Zr81,0
Rh18Zr82,0
Rh17Zr83,0
Rh16Zr84,0
Rh15Zr85,0
Rh14Zr86,0
Rh13Zr87,0
Rh12Zr88,0
Rh11Zr89,0
Rh10Zr90,0
Rh9Zr91,0
Rh8Zr92,0
Rh7Zr93,0
Rh6Zr94,0
Rh5Zr95,0
Rh4Zr96,0
Rh3Zr97,0
Rh2Zr98,0
Rh1Zr99,0
Rh0Zr100,0
Ti100Zr0,0
Ti99Zr1,0
Ti98Zr2,0
Ti97Zr3,0
Ti96Zr4,0
Ti95Zr5,0
Ti94Zr6,0
Ti93Zr7,0
Ti92Zr8,0
Ti91Zr9,0
Ti90Zr10,0
Ti89Zr11,0
Ti88Zr12,0
Ti87Zr13,0
Ti86Zr14,0
Ti85Zr15,1
Ti84Zr16,1
Ti83Zr17,1
Ti82Zr18,1
Ti81Zr19,1
Ti80Zr20,1
Ti79Zr21,1
Ti78Zr22,1
Ti77Zr23,0
Ti76Zr24,0
Ti75Zr25,0
Ti74Zr26,0
Ti73Zr27,0
Ti72Zr28,0
Ti71Zr29,0
Ti70Zr30,0
Ti69Zr31,0
Ti68Zr32,0
Ti67Zr33,0
Ti66Zr34,0
Ti65Zr35,0
Ti64Zr36,0
Ti63Zr37,0
Ti62Zr38,0
Ti61Zr39,0
Ti60Zr40,0
Ti59Zr41,0
Ti58Zr42,0
Ti57Zr43,0
Ti56Zr44,0
Ti55Zr45,0
Ti54Zr46,0
Ti53Zr47,0
Ti52Zr48,0
Ti51Zr49,0
Ti50Zr50,0
Ti49Zr51,0
Ti48Zr52,0
Ti47Zr53,0
Ti46Zr54,0
Ti45Zr55,0
Ti44Zr56,0
Ti43Zr57,0
Ti42Zr58,0
Ti41Zr59,0
Ti40Zr60,0
Ti39Zr61,0
Ti38Zr62,0
Ti37Zr63,0
Ti36Zr64,0
Ti35Zr65,0
Ti34Zr66,0
Ti33Zr67,0
Ti32Zr68,0
Ti31Zr69,0
Ti30Zr70,0
Ti29Zr71,0
Ti28Zr72,0
Ti27Zr73,0
Ti26Zr74,0
Ti25Zr75,0
Ti24Zr76,0
Ti23Zr77,0
Ti22Zr78,0
Ti21Zr79,0
Ti20Zr80,0
Ti19Zr81,0
Ti18Zr82,0
Ti17Zr83,0
Ti16Zr84,0
Ti15Zr85,0
Ti14Zr86,0
Ti13Zr87,0
Ti12Zr88,0
Ti11Zr89,0
Ti10Zr90,0
Ti9Zr91,0
Ti8Zr92,0
Ti7Zr93,0
Ti6Zr94,0
Ti5Zr95,0
Ti4Zr96,0
Ti3Zr97,0
Ti2Zr98,0
Ti1Zr99,0
Ti0Zr100,0
